"alpha","beta","gamma","q_factor","q","abs_z","val_series","val_integrate","val_dispatch","val_ref","series_returned_nan","rel_err_series","rel_err_integrate","rel_err_dispatch","ref_iterations","ref_reached_max"
0.3,1,-100,0.333333333333333,0.000999940007198793,100,0.545924970100065,0.545924970100064,0.545924970100065,0.545924970100065,FALSE,0,8.13461985020879e-16,0,200,FALSE
0.7,1,-100,0.333333333333333,0.00233300675810118,100,0.361853253487271,0.36185325348727,0.361853253487271,0.361853253487271,FALSE,9.20447458127563e-16,4.60223729063782e-16,9.20447458127563e-16,200,FALSE
1,1,-100,0.333333333333333,0.00333266693320056,100,0.283476636531621,0.283476636531621,0.283476636532374,0.283476636531621,FALSE,3.91645335647022e-16,5.87468003470533e-16,2.65515955301899e-12,200,FALSE
1.5,1,-100,0.333333333333333,0.00499850089932607,100,0.198747816432041,0.198747816432946,0.198747816432041,0.198747816432041,FALSE,8.37913375268288e-16,4.55545571687526e-12,8.37913375268288e-16,200,FALSE
3,1,-100,0.333333333333333,0.00999400718921824,100,0.0802830132357189,0.080283013235719,0.0802830132357189,0.080283013235719,FALSE,1.90146906217566e-15,1.72860823834151e-16,1.90146906217566e-15,200,FALSE
10,1,-100,0.333333333333333,0.0332669320074217,100,0.0023469947848601,0.00234699478486599,0.0023469947848601,0.00234699478486592,FALSE,2.47699402075979e-12,3.1228048452697e-14,2.47699402075979e-12,203,FALSE
0.3,1,-50,0.333333333333333,0.00199952023026206,50,0.545961251263312,0.545961251263312,0.545961251263312,0.545961251263312,FALSE,2.0335198185882e-16,6.1005594557646e-16,2.0335198185882e-16,200,FALSE
0.7,1,-50,0.333333333333333,0.00466405625617542,50,0.361888310709847,0.361888310709846,0.361888310709847,0.361888310709847,FALSE,1.53393048596602e-16,6.13572194386409e-16,1.53393048596602e-16,200,FALSE
1,1,-50,0.333333333333333,0.00666134184963833,50,0.283500306635626,0.283500306635626,0.283500306635872,0.283500306635626,FALSE,5.87418954392222e-16,5.87418954392222e-16,8.68401020909835e-13,200,FALSE
1.5,1,-50,0.333333333333333,0.00998802871388923,50,0.198747801036694,0.198747801037599,0.198747801036694,0.198747801036694,FALSE,1.39652240029083e-16,4.55350093838829e-12,1.39652240029083e-16,200,FALSE
3,1,-50,0.333333333333333,0.0199522290268235,50,0.0802279842845679,0.0802279842845677,0.0802279842845679,0.0802279842845677,FALSE,1.72979390315854e-15,1.72979390315854e-16,1.72979390315854e-15,200,FALSE
10,1,-50,0.333333333333333,0.0661416997334315,50,0.00231948018331489,0.00231948018331602,0.00231948018331489,0.00231948018331599,FALSE,4.7640797371136e-13,1.02835316146487e-14,4.7640797371136e-13,203,FALSE
0.3,1,-25,0.333333333333333,0.00399616735515274,25,0.546105186162677,0.546105186162677,0.546105186162677,0.546105186162677,FALSE,4.06596770276573e-16,2.03298385138287e-16,4.06596770276573e-16,200,FALSE
0.7,1,-25,0.333333333333333,0.00931251980729453,25,0.362026350743381,0.362026350743381,0.362026350743381,0.362026350743381,FALSE,0,9.20007360523982e-16,0,200,FALSE
1,1,-25,0.333333333333333,0.0132909375681874,25,0.283592478860064,0.283592478860064,0.283592478860129,0.283592478860064,FALSE,3.91485355707542e-16,7.82970711415083e-16,2.28040219699643e-13,200,FALSE
1.5,1,-25,0.333333333333333,0.0199049106873271,25,0.19874475446403,0.198744754464934,0.19874475446403,0.19874475446403,FALSE,1.39654380768335e-16,4.54910179914775e-12,1.39654380768335e-16,200,FALSE
3,1,-25,0.333333333333333,0.0396232004761661,25,0.0800097561146324,0.0800097561146326,0.0800097561146324,0.0800097561146325,FALSE,2.25486553468688e-15,1.2141583648314e-15,2.25486553468688e-15,200,FALSE
10,1,-25,0.333333333333333,0.129319674558626,25,0.00221800725336519,0.00221800725336565,0.00221800725336519,0.00221800725336569,FALSE,2.28375833404776e-13,1.87706164442281e-14,2.28375833404776e-13,202,FALSE
0.3,1,-22,0.333333333333333,0.00453983361202948,22,0.546160589559212,0.546160589559212,0.546160589559212,0.546160589559212,FALSE,0,2.03277762227622e-16,0,200,FALSE
0.7,1,-22,0.333333333333333,0.0105755581252443,22,0.362079046149362,0.362079046149362,0.362079046149362,0.362079046149362,FALSE,1.5331224444388e-16,1.5331224444388e-16,1.5331224444388e-16,200,FALSE
1,1,-22,0.333333333333333,0.0150894177349029,22,0.283627229912483,0.283627229912483,0.283627229912488,0.283627229912483,FALSE,1.95718694740228e-16,7.82874778960913e-16,1.68318077476596e-14,200,FALSE
1.5,1,-22,0.333333333333333,0.0225881209433405,22,0.198742621423951,0.198742621424855,0.198742621423951,0.198742621423951,FALSE,1.39655879633496e-16,4.54733509674628e-12,1.39655879633496e-16,200,FALSE
3,1,-22,0.333333333333333,0.0449046115974407,22,0.0799258266674648,0.079925826667465,0.0799258266674648,0.0799258266674649,FALSE,1.04180000781627e-15,6.9453333854418e-16,1.04180000781627e-15,200,FALSE
10,1,-22,0.333333333333333,0.145723681172986,22,0.00218190828757413,0.00218190828757353,0.00218190828757413,0.00218190828757361,FALSE,2.36725767949891e-13,3.67710050971703e-14,2.36725767949891e-13,202,FALSE
0.3,1,-20,0.333333333333333,0.0049925224159777,20,0.546211912082261,0.546211912082261,0.546211912082261,0.546211912082261,FALSE,2.03258662080946e-16,2.03258662080946e-16,2.03258662080946e-16,200,FALSE
0.7,1,-20,0.333333333333333,0.0116261166898806,20,0.36212764426258,0.36212764426258,0.36212764426258,0.36212764426258,FALSE,4.59875009081106e-16,9.19750018162212e-16,4.59875009081106e-16,200,FALSE
1,1,-20,0.333333333333333,0.0165841563936796,20,0.283659065204673,0.283659065204673,0.283659065204685,0.283659065204673,FALSE,0,7.82786916275058e-16,4.34446738532657e-14,200,FALSE
1.5,1,-20,0.333333333333333,0.0248152608487032,20,0.198740184483302,0.198740184484206,0.198740184483302,0.198740184483302,FALSE,8.37945552514898e-16,4.54627359516958e-12,8.37945552514898e-16,200,FALSE
3,1,-20,0.333333333333333,0.0492716901645001,20,0.0798481316416064,0.0798481316416059,0.0798481316416064,0.0798481316416059,FALSE,5.56167315026647e-15,5.21406857837482e-16,5.56167315026647e-15,200,FALSE
10,1,-20,0.333333333333333,0.159075191683887,20,0.00214979107255123,0.00214979107255061,0.00214979107255123,0.00214979107255084,FALSE,1.79742887207796e-13,1.07926424978868e-13,1.79742887207796e-13,202,FALSE
0.3,1,-18,0.333333333333333,0.00554530541816186,18,0.546280899176878,0.546280899176878,0.546280899176878,0.546280899176878,FALSE,2.03232993556614e-16,8.12931974226455e-16,2.03232993556614e-16,200,FALSE
0.7,1,-18,0.333333333333333,0.0129074290546957,18,0.362192643994465,0.362192643994465,0.362192643994465,0.362192643994465,FALSE,4.59792479099378e-16,4.59792479099378e-16,4.59792479099378e-16,200,FALSE
1,1,-18,0.333333333333333,0.0184055965240499,18,0.283701323307642,0.283701323307642,0.283701323307646,0.283701323307642,FALSE,1.95667579495434e-16,7.82670317981735e-16,1.27183926672032e-14,200,FALSE
1.5,1,-18,0.333333333333333,0.0275252316519466,18,0.198736222411657,0.19873622241256,0.198736222411657,0.198736222411657,FALSE,1.95524526884643e-15,4.54329170291738e-12,1.95524526884643e-15,200,FALSE
3,1,-18,0.333333333333333,0.0545631755148026,18,0.0797437909991984,0.0797437909991981,0.0797437909991984,0.0797437909991981,FALSE,3.82865334023295e-15,1.74029697283316e-16,3.82865334023295e-15,200,FALSE
10,1,-18,0.333333333333333,0.174979270186815,18,0.00210848893242201,0.0021084889324217,0.00210848893242201,0.00210848893242172,FALSE,1.41304396915576e-13,9.66711303498116e-15,1.41304396915576e-13,202,FALSE
0.3,1,-15,0.333333333333333,0.00664898307628725,15,0.546439019906186,0.546439019906186,0.546439019906186,0.546439019906186,FALSE,2.03174184891804e-16,0,2.03174184891804e-16,200,FALSE
0.7,1,-15,0.333333333333333,0.0154599515152144,15,0.362340230839543,0.362340230839544,0.362340230839543,0.362340230839544,FALSE,1.53201732809626e-16,4.59605198428877e-16,1.53201732809626e-16,200,FALSE
1,1,-15,0.333333333333333,0.0220281268728123,15,0.283795901449684,0.283795901449685,0.283795901449687,0.283795901449685,FALSE,9.78011855486568e-16,3.91204742194627e-16,8.99770907047642e-15,200,FALSE
1.5,1,-15,0.333333333333333,0.032900359861721,15,0.198724250400163,0.198724250401065,0.198724250400163,0.198724250400163,FALSE,8.38012740561014e-16,4.54035302835958e-12,8.38012740561014e-16,200,FALSE
3,1,-15,0.333333333333333,0.0649778198382916,15,0.0795051579846844,0.0795051579846843,0.0795051579846844,0.0795051579846842,FALSE,2.96738474223639e-15,1.04731226196579e-15,2.96738474223639e-15,200,FALSE
10,1,-15,0.333333333333333,0.205354099714415,15,0.00202109991131856,0.00202109991131854,0.00202109991131856,0.00202109991131857,FALSE,8.58306640983952e-15,1.7380709479925e-14,8.58306640983952e-15,202,FALSE
0.3,1,-10,0.333333333333333,0.00994070937823451,10,0.547063331228058,0.547063331228057,0.547063331228058,0.547063331228058,FALSE,0,1.21765392917077e-15,0,200,FALSE
0.7,1,-10,0.333333333333333,0.0230155052443419,10,0.362904463935933,0.362904463935933,0.362904463935933,0.362904463935933,FALSE,1.52963539299582e-16,1.52963539299582e-16,1.52963539299582e-16,200,FALSE
1,1,-10,0.333333333333333,0.0326920704511053,10,0.284139632352179,0.284139632352179,0.28413963235218,0.284139632352179,FALSE,7.81462983839637e-16,0,4.68877790303782e-15,200,FALSE
1.5,1,-10,0.333333333333333,0.0485837703548636,10,0.198640615803643,0.198640615804542,0.198640615803643,0.198640615803644,FALSE,1.6767311460451e-15,4.52186444569262e-12,1.6767311460451e-15,200,FALSE
3,1,-10,0.333333333333333,0.0946273938050036,10,0.0785733808968744,0.0785733808968745,0.0785733808968744,0.0785733808968744,FALSE,7.06488006467671e-16,1.05973200970151e-15,7.06488006467671e-16,200,FALSE
10,1,-10,0.333333333333333,0.284700655416562,10,0.00175040364575576,0.0017504036457557,0.00175040364575576,0.00175040364575567,FALSE,5.06670206751235e-14,1.69715937224741e-14,5.06670206751235e-14,202,FALSE
0.3,1,-5,0.333333333333333,0.0195417442767467,5,0.549937501859866,0.549937501859866,0.549937501859866,0.549937501859866,FALSE,2.0188167216646e-16,2.0188167216646e-16,2.0188167216646e-16,200,FALSE
0.7,1,-5,0.333333333333333,0.0443105561979777,5,0.365155342807056,0.365155342807056,0.365155342807056,0.365155342807056,FALSE,4.56061939046495e-16,4.56061939046495e-16,4.56061939046495e-16,200,FALSE
1,1,-5,0.333333333333333,0.0620468872115024,5,0.28520075946267,0.28520075946267,0.285200759462672,0.28520075946267,FALSE,5.83916585662427e-16,1.94638861887476e-16,5.64452699473679e-15,200,FALSE
1.5,1,-5,0.333333333333333,0.090230210858185,5,0.197695594449854,0.197695594450732,0.197695594449854,0.197695594449854,FALSE,1.40395519145821e-16,4.44393936752267e-12,1.40395519145821e-16,200,FALSE
3,1,-5,0.333333333333333,0.166666666666667,5,0.0746163495085406,0.0746163495085406,0.0746163495085406,0.0746163495085406,FALSE,1.85988565498316e-16,7.43954261993265e-16,1.85988565498316e-16,200,FALSE
10,1,-5,0.333333333333333,0.4372458971633,5,0.00115511450907509,0.00115511450907513,0.00115511450907509,0.00115511450907514,FALSE,3.97970692534996e-14,2.62810834692922e-15,3.97970692534996e-14,201,FALSE
0.3,1,-2,0.333333333333333,0.0441518440112253,2,0.560240029654266,0.560240029654266,0.560240029654266,0.560240029654266,FALSE,1.98169171401461e-16,5.94507514204382e-16,1.98169171401461e-16,200,FALSE
0.7,1,-2,0.333333333333333,0.0915322230804945,2,0.369496903013395,0.369496903013395,0.369496903013395,0.369496903013395,FALSE,1.50234415440406e-16,3.00468830880812e-16,1.50234415440406e-16,200,FALSE
1,1,-2,0.333333333333333,0.122008467928146,2,0.284375898213166,0.284375898213166,0.284375898213166,0.284375898213166,FALSE,5.85610295176778e-16,0,1.95203431725593e-16,200,FALSE
1.5,1,-2,0.333333333333333,0.166666666666667,2,0.190829801125425,0.190829801126225,0.190829801125425,0.190829801125426,FALSE,4.36340269474779e-16,4.18741211939297e-12,4.36340269474779e-16,200,FALSE
3,1,-2,0.333333333333333,0.274291885177432,2,0.0642223958615325,0.0642223958615325,0.0642223958615325,0.0642223958615325,FALSE,4.32179074656007e-16,0,4.32179074656007e-16,200,FALSE
10,1,-2,0.333333333333333,0.597095949159307,2,0.000609635884589285,0.000609635884589287,0.000609635884589285,0.000609635884589288,FALSE,5.86885919881926e-15,2.3119748358985e-15,5.86885919881926e-15,201,FALSE
0.3,1,-0.5,0.333333333333333,0.0939901716341642,0.5,0.575839901412398,0.575839901412397,0.575839901412398,0.575839901412398,FALSE,0,7.71202566478665e-16,0,200,FALSE
0.7,1,-0.5,0.333333333333333,0.159889777040797,0.5,0.365319840334355,0.365319840334355,0.365319840334355,0.365319840334355,FALSE,1.51952193947232e-16,1.51952193947232e-16,1.51952193947232e-16,200,FALSE
1,1,-0.5,0.333333333333333,0.197690110272418,0.5,0.272255999467497,0.272255999467497,0.272255999467497,0.272255999467497,FALSE,2.03893215722819e-16,2.03893215722819e-16,6.11679647168456e-16,200,FALSE
1.5,1,-0.5,0.333333333333333,0.25,0.5,0.17383635496872,0.173836354969374,0.17383635496872,0.17383635496872,FALSE,4.78994896446543e-16,3.76314357144953e-12,4.78994896446543e-16,200,FALSE
3,1,-0.5,0.333333333333333,0.368702408408171,0.5,0.0519056337977358,0.0519056337977358,0.0519056337977358,0.0519056337977358,FALSE,2.67365732627271e-16,2.67365732627271e-16,2.67365732627271e-16,200,FALSE
10,1,-0.5,0.333333333333333,0.704853036132038,0.5,0.000351328617141906,0.000351328617141907,0.000351328617141906,0.000351328617141906,FALSE,7.71501465853819e-16,1.08010205219535e-15,7.71501465853819e-16,200,FALSE
0.3,1,0.5,0.333333333333333,0.177323504967498,0.5,0.572063781034899,0.572063781034898,0.572063781034899,0.572063781034899,FALSE,1.94073294173019e-16,1.94073294173019e-16,1.94073294173019e-16,200,FALSE
0.7,1,0.5,0.333333333333333,0.24322311037413,0.5,0.339744751228099,0.339744751228099,0.339744751228099,0.339744751228098,FALSE,1.63390754472579e-16,1.63390754472579e-16,1.63390754472579e-16,200,FALSE
1,1,0.5,0.333333333333333,0.281023443605751,0.5,0.243919872410813,0.243919872410813,0.243919872410813,0.243919872410813,FALSE,0,0,0,200,FALSE
1.5,1,0.5,0.333333333333333,0.333333333333333,0.5,0.148415865804463,0.148415865804943,0.148415865804463,0.148415865804463,FALSE,0,3.22913942897776e-12,0,200,FALSE
3,1,0.5,0.333333333333333,0.452035741741504,0.5,0.0402231088115696,0.0402231088115696,0.0402231088115696,0.0402231088115696,FALSE,3.45020268642754e-16,3.45020268642754e-16,3.45020268642754e-16,200,FALSE
10,1,0.5,0.333333333333333,0.788186369465371,0.5,0.000214522804981086,0.000214522804981086,0.000214522804981086,0.000214522804981086,FALSE,3.79051369124053e-16,3.79051369124053e-16,3.79051369124053e-16,200,FALSE
0.3,1,2,0.333333333333333,0.377485177344559,2,0.436415494298042,0.436415494298042,0.436415494298042,0.436415494298042,FALSE,2.5439587712414e-16,2.5439587712414e-16,2.5439587712414e-16,200,FALSE
0.7,1,2,0.333333333333333,0.424865556413828,2,0.226855715152477,0.226855715152477,0.226855715152477,0.226855715152477,FALSE,2.44698050450027e-16,1.22349025225014e-16,2.44698050450027e-16,200,FALSE
1,1,2,0.333333333333333,0.45534180126148,2,0.154037316773764,0.154037316773764,0.154037316773764,0.154037316773764,FALSE,1.80187348085229e-16,1.80187348085229e-16,3.60374696170457e-16,200,FALSE
1.5,1,2,0.333333333333333,0.5,2,0.0878683152057931,0.0878683152059727,0.0878683152057931,0.0878683152057931,FALSE,1.57938476176672e-16,2.04340800477378e-12,1.57938476176672e-16,200,FALSE
3,1,2,0.333333333333333,0.607625218510765,2,0.0210205303931407,0.0210205303931407,0.0210205303931407,0.0210205303931407,FALSE,0,0,0,200,FALSE
10,1,2,0.333333333333333,0.93042928249264,2,8.07108436846977e-05,8.07108436846977e-05,8.07108436846977e-05,8.07108436846977e-05,FALSE,0,0,0,201,FALSE
0.3,1,5,0.333333333333333,0.85287507761008,5,0.028909133085472,0.028909133085472,0.028909133085472,0.028909133085472,FALSE,0,0,0,200,FALSE
0.7,1,5,0.333333333333333,0.877643889531311,5,0.0162801624778819,0.0162801624778819,0.0162801624778819,0.0162801624778819,FALSE,4.26217730525377e-16,4.26217730525377e-16,4.26217730525377e-16,203,FALSE
1,1,5,0.333333333333333,0.895380220544836,5,0.0114246508997108,0.0114246508997108,0.0114246508997108,0.0114246508997108,FALSE,7.59201962145171e-16,1.51840392429034e-16,1.97392510157744e-15,203,FALSE
1.5,1,5,0.333333333333333,0.923563544191518,5,0.00664689233923045,0.00664689233923186,0.00664689233923045,0.00664689233923045,FALSE,5.21965269615799e-16,2.10873968924783e-13,5.21965269615799e-16,203,FALSE
3,1,5,0.333333333333333,1,5,0.00152875711992156,0.00152875711992156,0.00152875711992156,0.00152875711992156,FALSE,7.09204986427885e-16,1.41840997285577e-16,7.09204986427885e-16,204,FALSE
10,1,5,0.333333333333333,1.27057923049663,5,3.91029896155503e-06,3.91029896155503e-06,3.91029896155503e-06,3.91029896155503e-06,FALSE,6.49847714138043e-16,6.49847714138043e-16,6.49847714138043e-16,205,FALSE
0.3,1,10,0.333333333333333,1.6766073760449,10,2.94962923850441e-06,2.9496292385044e-06,2.94962923850441e-06,2.9496292385044e-06,FALSE,3.44599085009254e-15,1.86657837713346e-15,3.44599085009254e-15,215,FALSE
0.7,1,10,0.333333333333333,1.68968217191101,10,2.01872716218435e-06,2.01872716218434e-06,2.01872716218435e-06,2.01872716218434e-06,FALSE,2.51752578492413e-15,2.93711341574482e-15,2.51752578492413e-15,215,FALSE
1,1,10,0.333333333333333,1.69935873711777,10,1.52212319314864e-06,1.52212319314863e-06,1.52212319315392e-06,1.52212319314863e-06,FALSE,4.73009023452842e-15,6.95601505077709e-16,3.47786840508753e-12,215,FALSE
1.5,1,10,0.333333333333333,1.71525043702153,10,9.54132217907091e-07,9.54132217944219e-07,9.54132217907091e-07,9.54132217907086e-07,FALSE,4.88263693696204e-15,3.89177235201837e-11,4.88263693696204e-15,215,FALSE
3,1,10,0.333333333333333,1.76129406047167,10,2.40437281778303e-07,2.40437281778301e-07,2.40437281778303e-07,2.40437281778301e-07,FALSE,5.06414750937324e-15,2.20180326494489e-16,5.06414750937324e-15,216,FALSE
10,1,10,0.333333333333333,1.95136732208323,10,5.21404830269794e-10,5.21404830269794e-10,5.21404830269794e-10,5.21404830269793e-10,FALSE,2.77628051742209e-15,2.77628051742209e-15,2.77628051742209e-15,218,FALSE
0.3,1,15,0.333333333333333,2.50664898307629,15,1.81294144178719e-12,1.81294144178719e-12,1.81294144178719e-12,1.81294144178719e-12,FALSE,3.34178016589712e-16,3.34178016589712e-16,3.34178016589712e-16,236,FALSE
0.7,1,15,0.333333333333333,2.51545995151521,15,1.26158932174005e-12,1.26158932174005e-12,1.26158932174005e-12,1.26158932174005e-12,FALSE,4.16193930518458e-15,6.40298354643782e-16,4.16193930518458e-15,236,FALSE
1,1,15,0.333333333333333,2.52202812687281,15,9.61783376845392e-13,9.61783376845398e-13,9.61786206232773e-13,9.61783376845394e-13,FALSE,2.93961982747659e-15,4.19945689639512e-15,2.94181355887765e-06,236,FALSE
1.5,1,15,0.333333333333333,2.53290035986172,15,6.12568404660451e-13,6.12568404660451e-13,6.12568404660451e-13,6.1256840466045e-13,FALSE,2.47256131152226e-15,2.47256131152226e-15,2.47256131152226e-15,236,FALSE
3,1,15,0.333333333333333,2.56497781983829,15,1.59511137519083e-13,1.59511137519084e-13,1.59511137519083e-13,1.59511137519083e-13,FALSE,1.89906856860467e-15,5.22243856366285e-15,1.89906856860467e-15,237,FALSE
10,1,15,0.333333333333333,2.70535409971441,15,3.40521535653617e-16,3.40521535653614e-16,3.40521535653617e-16,3.40521535653616e-16,FALSE,1.15831279761327e-15,5.93635308776799e-15,1.15831279761327e-15,239,FALSE
0.3,1,18,0.333333333333333,3.00554530541816,18,2.5201428756625e-17,2.52014287566252e-17,2.5201428756625e-17,2.52014287566253e-17,FALSE,1.06378670371307e-14,3.54595567904358e-15,1.06378670371307e-14,252,FALSE
0.7,1,18,0.333333333333333,3.0129074290547,18,1.76032589060665e-17,1.76032589060665e-17,1.76032589060665e-17,1.76032589060666e-17,FALSE,1.75052126851217e-15,1.75052126851217e-15,1.75052126851217e-15,252,FALSE
1,1,18,0.333333333333333,3.01840559652405,18,1.34549065758261e-17,1.34549065758262e-17,0,1.34549065758263e-17,FALSE,9.73349279538119e-15,2.6337686387502e-15,1,252,FALSE
1.5,1,18,0.333333333333333,3.02752523165195,18,8.60324643645193e-18,8.60324643645199e-18,8.60324643645193e-18,8.60324643645198e-18,FALSE,5.90992608515717e-15,1.25362068473031e-15,5.90992608515717e-15,253,FALSE
3,1,18,0.333333333333333,3.0545631755148,18,2.26046743185378e-18,2.2604674318538e-18,2.26046743185378e-18,2.2604674318538e-18,FALSE,9.20165586386003e-15,2.21521344870704e-15,9.20165586386003e-15,253,FALSE
10,1,18,0.333333333333333,3.17497927018681,18,4.82835596594304e-21,4.82835596594311e-21,4.82835596594304e-21,4.8283559659431e-21,FALSE,1.30882181732147e-14,1.09068484776789e-15,1.30882181732147e-14,255,FALSE
0.3,1,20,0.333333333333333,3.33832585574931,20,4.87631501352769e-21,4.87631501352773e-21,4.87631501352769e-21,4.87631501352776e-21,FALSE,1.29594942338412e-14,5.86262834388054e-15,1.29594942338412e-14,265,FALSE
0.7,1,20,0.333333333333333,3.34495945002321,20,3.41156518818626e-21,3.41156518818629e-21,3.41156518818626e-21,3.41156518818628e-21,FALSE,5.51298555814951e-15,1.54363595628186e-15,5.51298555814951e-15,265,FALSE
1,1,20,0.333333333333333,3.34991748972701,20,2.61050855263825e-21,2.61050855263829e-21,0,2.61050855263828e-21,FALSE,1.32566329473364e-14,1.00865685468864e-15,1,265,FALSE
1.5,1,20,0.333333333333333,3.35814859418204,20,1.67203578867972e-21,1.67203578867973e-21,1.67203578867972e-21,1.67203578867973e-21,FALSE,5.06182904888864e-15,2.13721670953076e-15,5.06182904888864e-15,265,FALSE
3,1,20,0.333333333333333,3.38260502349783,20,4.41083011177481e-22,4.41083011177484e-22,4.41083011177481e-22,4.41083011177486e-22,FALSE,1.08732751654882e-14,3.83762652899585e-15,1.08732751654882e-14,266,FALSE
10,1,20,0.333333333333333,3.49240852501722,20,9.43203350472297e-25,9.43203350472311e-25,9.43203350472297e-25,9.4320335047231e-25,FALSE,1.38259055673462e-14,3.89462128657641e-16,1.38259055673462e-14,268,FALSE
0.3,1,22,0.333333333333333,3.6712065002787,22,3.91875290731712e-25,3.91875290731715e-25,3.91875290731712e-25,3.91875290731716e-25,FALSE,8.5537304572273e-15,1.52326706772541e-15,8.5537304572273e-15,279,FALSE
0.7,1,22,0.333333333333333,3.67724222479191,22,2.74485395063704e-25,2.74485395063696e-25,2.74485395063704e-25,2.74485395063696e-25,FALSE,2.87733074750826e-14,3.34573342733518e-16,2.87733074750826e-14,279,FALSE
1,1,22,0.333333333333333,3.68175608440157,22,2.10207168463706e-25,2.10207168463706e-25,0,2.10207168463707e-25,FALSE,5.02413030695117e-15,5.02413030695117e-15,1,279,FALSE
1.5,1,22,0.333333333333333,3.68925478761001,22,1.34808049983949e-25,1.34808049983949e-25,1.34808049983949e-25,1.34808049983949e-25,FALSE,6.81231544918315e-16,6.81231544918315e-16,6.81231544918315e-16,279,FALSE
3,1,22,0.333333333333333,3.71157127826411,22,3.56696763590792e-26,3.56696763590792e-26,3.56696763590792e-26,3.56696763590792e-26,FALSE,3.21826217434321e-16,3.21826217434321e-16,3.21826217434321e-16,280,FALSE
10,1,22,0.333333333333333,3.81239034783965,22,7.63687798773087e-29,7.63687798773087e-29,7.63687798773087e-29,7.63687798773088e-29,FALSE,1.02754966267971e-15,1.02754966267971e-15,1.02754966267971e-15,282,FALSE
0.3,1,25,0.333333333333333,4.17066283402182,25,5.41438267499318e-32,5.41438267499334e-32,5.41438267499318e-32,5.41438267499336e-32,FALSE,3.3766667410076e-14,5.25708594408369e-15,3.3766667410076e-14,305,FALSE
0.7,1,25,0.333333333333333,4.17597918647396,25,3.79720441095898e-32,3.79720441095903e-32,3.79720441095898e-32,3.79720441095906e-32,FALSE,2.16231003148167e-14,7.35185410703768e-15,2.16231003148167e-14,305,FALSE
1,1,25,0.333333333333333,4.17995760423485,25,2.91054695481721e-32,2.91054695481734e-32,0,2.91054695481731e-32,FALSE,3.55449473217566e-14,7.14660316522091e-15,1,305,FALSE
1.5,1,25,0.333333333333333,4.18657157735399,25,1.86910091464888e-32,1.86910091464893e-32,1.86910091464888e-32,1.86910091464894e-32,FALSE,3.04572908113354e-14,2.05000995845527e-15,3.04572908113354e-14,305,FALSE
3,1,25,0.333333333333333,4.20628986714283,25,4.96184467520022e-33,4.96184467520036e-33,4.96184467520022e-33,4.9618446752004e-33,FALSE,3.48881587544374e-14,6.48119945240537e-15,3.48881587544374e-14,306,FALSE
10,1,25,0.333333333333333,4.29598634122529,25,1.06417894249248e-35,1.0641789424925e-35,1.06417894249248e-35,1.06417894249251e-35,FALSE,2.72505834747847e-14,1.30601874717862e-14,2.72505834747847e-14,310,FALSE
0.3,1,50,0.333333333333333,8.33533285356359,50,8.99930046918489e-123,8.99930046918386e-123,8.99930046918489e-123,8.99930046918459e-123,FALSE,3.32933960171062e-14,8.04714818530056e-14,3.32933960171062e-14,782,FALSE
0.7,1,50,0.333333333333333,8.33799738958951,50,6.33151428830307e-123,6.33151428830271e-123,6.33151428830307e-123,6.33151428830336e-123,FALSE,4.49873338337158e-14,1.01858114340489e-13,4.49873338337158e-14,782,FALSE
1,1,50,0.333333333333333,8.33999467518297,50,4.86405541535686e-123,4.86405541535686e-123,0,4.86405541535695e-123,FALSE,1.9750109761272e-14,1.9750109761272e-14,1,782,FALSE
1.5,1,50,0.333333333333333,8.34332136204722,50,3.1345988988538e-123,3.1345988988538e-123,3.1345988988538e-123,3.13459889885391e-123,FALSE,3.5576080699316e-14,3.5576080699316e-14,3.5576080699316e-14,782,FALSE
3,1,50,0.333333333333333,8.35328556236016,50,8.39403724439974e-124,8.39403724439926e-124,8.39403724439974e-124,8.3940372443998e-124,FALSE,8.00315260937043e-15,6.48255361359005e-14,8.00315260937043e-15,783,FALSE
10,1,50,0.333333333333333,8.39947503306676,50,1.81265149954871e-126,1.81265149954861e-126,1.81265149954871e-126,1.81265149954867e-126,FALSE,2.6601434570452e-14,3.02206773691529e-14,2.6601434570452e-14,786,FALSE
0.3,1,100,0.333333333333333,16.6676666066739,100,0,0,0,0,FALSE,0,0,0,2271,FALSE
0.7,1,100,0.333333333333333,16.6689996734248,100,0,0,0,0,FALSE,0,0,0,2271,FALSE
1,1,100,0.333333333333333,16.6699993335999,100,0,0,0,0,FALSE,0,0,0,2271,FALSE
1.5,1,100,0.333333333333333,16.671665167566,100,0,0,0,0,FALSE,0,0,0,2271,FALSE
3,1,100,0.333333333333333,16.6766606738559,100,0,0,0,0,FALSE,0,0,0,2270,FALSE
10,1,100,0.333333333333333,16.6999335986741,100,0,0,0,0,FALSE,0,0,0,2266,FALSE
0.3,1,-100,1,0.00299982002159638,100,0.726974591010908,0.726974591010908,0.726974591010908,0.726974591010908,FALSE,1.52718270810719e-16,6.10873083242876e-16,1.52718270810719e-16,200,FALSE
0.7,1,-100,1,0.00699902027430355,100,0.656618839336564,0.656618839336564,0.656618839336564,0.656618839336564,FALSE,8.45409054777431e-16,0,8.45409054777431e-16,200,FALSE
1,1,-100,1,0.00999800079960167,100,0.632157308194964,0.632157308194965,0.632157308195703,0.632157308194965,FALSE,7.02497944883523e-16,3.51248972441762e-16,1.16807845785508e-12,200,FALSE
1.5,1,-100,1,0.0149955026979782,100,0.608420358783262,0.608420358787966,0.608420358783262,0.608420358783262,FALSE,9.12381553803866e-16,7.73060890538015e-12,9.12381553803866e-16,200,FALSE
3,1,-100,1,0.0299820215676547,100,0.57687696050156,0.576876960501593,0.57687696050156,0.576876960501589,FALSE,5.04229588574442e-14,6.54343740898131e-15,5.04229588574442e-14,202,FALSE
10,1,-100,1,0.0998007960222651,100,0.542194282924058,0.54219442756354,0.542194282924058,0.542194435411947,FALSE,2.81242077299609e-07,1.44752627687833e-08,2.81242077299609e-07,209,FALSE
0.3,1,-50,1,0.00599856069078619,50,0.727026224641105,0.727026224641105,0.727026224641105,0.727026224641105,FALSE,6.10829698845164e-16,0,6.10829698845164e-16,200,FALSE
0.7,1,-50,1,0.0139921687685263,50,0.656707883107856,0.656707883107856,0.656707883107856,0.656707883107856,FALSE,1.69058884959786e-16,1.69058884959786e-16,1.69058884959786e-16,200,FALSE
1,1,-50,1,0.019984025548915,50,0.632267095768729,0.63226709576873,0.632267095768855,0.632267095768729,FALSE,1.75593990586417e-16,5.26781971759252e-16,1.98245615372065e-13,200,FALSE
1.5,1,-50,1,0.0299640861416677,50,0.608558697281445,0.608558697286148,0.608558697281445,0.608558697281445,FALSE,0,7.72720965801517e-12,0,200,FALSE
3,1,-50,1,0.0598566870804706,50,0.577076057095639,0.577076057095628,0.577076057095639,0.577076057095624,FALSE,2.57799441634292e-14,6.15640457634131e-15,2.57799441634292e-14,202,FALSE
10,1,-50,1,0.198425099200294,50,0.542555625421765,0.542555602657679,0.542555625421765,0.542555605317734,FALSE,3.70543238508311e-08,4.9028239593245e-09,3.70543238508311e-08,209,FALSE
0.3,1,-25,1,0.0119885020654582,25,0.727231155965293,0.727231155965293,0.727231155965293,0.727231155965293,FALSE,1.52664392266239e-16,3.05328784532477e-16,1.52664392266239e-16,200,FALSE
0.7,1,-25,1,0.0279375594218836,25,0.657059731152783,0.657059731152784,0.657059731152783,0.657059731152784,FALSE,5.06905067524371e-16,1.68968355841457e-16,5.06905067524371e-16,200,FALSE
1,1,-25,1,0.0398728127045622,25,0.632699478425947,0.632699478425948,0.632699478426,0.632699478425948,FALSE,7.01895963238161e-16,1.7547399080954e-16,8.33501456345316e-14,200,FALSE
1.5,1,-25,1,0.0597147320619813,25,0.609098437877804,0.609098437882501,0.609098437877804,0.609098437877804,FALSE,3.64546337860708e-16,7.71143095793649e-12,3.64546337860708e-16,200,FALSE
3,1,-25,1,0.118869601428498,25,0.577843317038937,0.577843317038923,0.577843317038937,0.577843317038912,FALSE,4.34218751288923e-14,1.86368225110732e-14,4.34218751288923e-14,202,FALSE
10,1,-25,1,0.387959023675877,25,0.543850849264266,0.54385086306147,0.543850849264266,0.543850864234755,FALSE,2.75268281750912e-08,2.15736558103058e-09,2.75268281750912e-08,209,FALSE
0.3,1,-22,1,0.0136195008360884,22,0.727310076505085,0.727310076505085,0.727310076505085,0.727310076505085,FALSE,4.57943479881402e-16,4.57943479881402e-16,4.57943479881402e-16,200,FALSE
0.7,1,-22,1,0.031726674375733,22,0.657194571105069,0.657194571105069,0.657194571105069,0.657194571105069,FALSE,3.37867375489217e-16,1.68933687744608e-16,3.37867375489217e-16,200,FALSE
1,1,-22,1,0.0452682532047088,22,0.632864580881132,0.632864580881133,0.632864580881143,0.632864580881133,FALSE,1.22799749064102e-15,5.2628463884615e-16,1.61393955912819e-14,200,FALSE
1.5,1,-22,1,0.0677643628300215,22,0.609303273127327,0.609303273132025,0.609303273127327,0.609303273127329,FALSE,3.27981406380475e-15,7.70683420237144e-12,3.27981406380475e-15,200,FALSE
3,1,-22,1,0.134713834792322,22,0.578129425120626,0.578129425120591,0.578129425120626,0.578129425120589,FALSE,6.41403938482211e-14,3.64870503927006e-15,6.41403938482211e-14,202,FALSE
10,1,-22,1,0.437171043518958,22,0.544298270794409,0.544298252123212,0.544298270794409,0.544298256254825,FALSE,2.67125310896598e-08,7.59071378063148e-09,2.67125310896598e-08,209,FALSE
0.3,1,-20,1,0.0149775672479331,20,0.727383203056985,0.727383203056985,0.727383203056985,0.727383203056985,FALSE,0,6.10529921482489e-16,0,200,FALSE
0.7,1,-20,1,0.0348783500696417,20,0.657319187768827,0.657319187768827,0.657319187768827,0.657319187768826,FALSE,3.37803321516795e-16,3.37803321516795e-16,3.37803321516795e-16,200,FALSE
1,1,-20,1,0.0497524691810387,20,0.633016872008582,0.633016872008582,0.63301687200859,0.633016872008582,FALSE,5.26158025347279e-16,0,1.33293366421311e-14,200,FALSE
1.5,1,-20,1,0.0744457825461096,20,0.609491614301371,0.609491614306067,0.609491614301371,0.609491614301372,FALSE,2.18586703785465e-15,7.70226681905383e-12,2.18586703785465e-15,200,FALSE
3,1,-20,1,0.1478150704935,20,0.57839008101926,0.578390081019256,0.57839008101926,0.57839008101926,FALSE,1.91950564343822e-16,7.86997313809668e-15,1.91950564343822e-16,202,FALSE
10,1,-20,1,0.477225575051661,20,0.544690585618078,0.54469060872307,0.544690585618078,0.544690608584439,FALSE,4.21640469049234e-08,2.54515118468796e-10,4.21640469049234e-08,209,FALSE
0.3,1,-18,1,0.0166359162544856,18,0.727481527847844,0.727481527847842,0.727481527847844,0.727481527847843,FALSE,6.10447403611527e-16,1.37350665812594e-15,6.10447403611527e-16,200,FALSE
0.7,1,-18,1,0.0387222871640871,18,0.657486257557212,0.657486257557212,0.657486257557212,0.657486257557212,FALSE,3.37717484392759e-16,3.37717484392759e-16,3.37717484392759e-16,200,FALSE
1,1,-18,1,0.0552167895721496,18,0.633220604190474,0.633220604190475,0.633220604190474,0.633220604190475,FALSE,7.01318319257469e-16,1.75329579814367e-16,1.22730705870057e-15,200,FALSE
1.5,1,-18,1,0.0825756949558398,18,0.609742682061782,0.609742682066474,0.609742682061782,0.609742682061782,FALSE,0,7.69563580117354e-12,0,200,FALSE
3,1,-18,1,0.163689526544408,18,0.578734014328422,0.578734014328412,0.578734014328422,0.578734014328414,FALSE,1.24693719072963e-14,3.45305683586666e-15,1.24693719072963e-14,202,FALSE
10,1,-18,1,0.524937810560445,18,0.545187507785719,0.545187488970841,0.545187507785719,0.545187490697183,FALSE,3.13443293257786e-08,3.16650976708555e-09,3.13443293257786e-08,208,FALSE
0.3,1,-15,1,0.0199469492288618,15,0.727707017377814,0.727707017377813,0.727707017377814,0.727707017377814,FALSE,0,6.10258248505385e-16,0,200,FALSE
0.7,1,-15,1,0.0463798545456431,15,0.657867310778448,0.657867310778447,0.657867310778448,0.657867310778448,FALSE,1.68760934984205e-16,3.37521869968411e-16,1.68760934984205e-16,200,FALSE
1,1,-15,1,0.0660843806184368,15,0.633683408635669,0.633683408635668,0.63368340863568,0.633683408635669,FALSE,0,3.50403059160247e-16,1.75201529580124e-14,200,FALSE
1.5,1,-15,1,0.098701079585163,15,0.610309273102643,0.610309273107332,0.610309273102643,0.610309273102643,FALSE,5.45734633351263e-16,7.68139687596348e-12,5.45734633351263e-16,200,FALSE
3,1,-15,1,0.194933459514875,15,0.579495739476809,0.579495739476823,0.579495739476809,0.579495739476823,FALSE,2.4714378453575e-14,1.91584329097481e-16,2.4714378453575e-14,202,FALSE
10,1,-15,1,0.616062299143245,15,0.546211254955666,0.546211249748898,0.546211254955666,0.546211248208195,FALSE,1.2353226264591e-08,2.82070925066725e-09,1.2353226264591e-08,208,FALSE
0.3,1,-10,1,0.0298221281347035,10,0.728599050659887,0.728599050659887,0.728599050659887,0.728599050659887,FALSE,1.52377775351153e-16,1.52377775351153e-16,1.52377775351153e-16,200,FALSE
0.7,1,-10,1,0.0690465157330258,10,0.659347099194088,0.659347099194088,0.659347099194088,0.659347099194088,FALSE,5.05146542382079e-16,1.68382180794026e-16,5.05146542382079e-16,200,FALSE
1,1,-10,1,0.098076211353316,10,0.63545666874215,0.635456668742151,0.635456668742154,0.635456668742151,FALSE,6.98850498695861e-16,3.4942524934793e-16,4.71724086619706e-15,200,FALSE
1.5,1,-10,1,0.145751311064591,10,0.61243376611662,0.612433766121288,0.61243376611662,0.612433766116621,FALSE,1.26896353570685e-15,7.62103243444514e-12,1.26896353570685e-15,200,FALSE
3,1,-10,1,0.283882181415011,10,0.582186883371536,0.582186883371554,0.582186883371536,0.582186883371549,FALSE,2.13582583719361e-14,8.9628405667946e-15,2.13582583719361e-14,202,FALSE
10,1,-10,1,0.854101966249685,10,0.54916162211247,0.549161622333742,0.54916162211247,0.549161622594372,FALSE,8.77524632330747e-10,4.74597106653046e-10,8.77524632330747e-10,208,FALSE
0.3,1,-5,1,0.0586252328302401,5,0.732743179987261,0.732743179987261,0.732743179987261,0.73274317998726,FALSE,3.03031963980739e-16,4.54547945971108e-16,3.03031963980739e-16,200,FALSE
0.7,1,-5,1,0.132931668593933,5,0.665706411682192,0.665706411682193,0.665706411682192,0.665706411682192,FALSE,0,1.66773671567877e-16,0,200,FALSE
1,1,-5,1,0.186140661634507,5,0.642679954619531,0.642679954619532,0.642679954619533,0.642679954619532,FALSE,1.03649384112104e-15,1.72748973520173e-16,1.03649384112104e-15,200,FALSE
1.5,1,-5,1,0.270690632574555,5,0.620411783709428,0.620411783713992,0.620411783709428,0.620411783709427,FALSE,1.2526456422072e-15,7.35857735045747e-12,1.2526456422072e-15,200,FALSE
3,1,-5,1,0.5,5,0.590466848444516,0.590466848444518,0.590466848444516,0.590466848444517,FALSE,2.44432000850649e-15,2.06827077642857e-15,2.44432000850649e-15,201,FALSE
10,1,-5,1,1.3117376914899,5,0.554606858778857,0.55460685877809,0.554606858778857,0.554606858775391,FALSE,6.2494814222645e-12,4.86582353473792e-12,6.2494814222645e-12,206,FALSE
0.3,1,-2,1,0.132455532033676,2,0.748264224351684,0.748264224351684,0.748264224351684,0.748264224351684,FALSE,1.48373126563292e-16,0,1.48373126563292e-16,200,FALSE
0.7,1,-2,1,0.274596669241483,2,0.684107618870076,0.684107618870075,0.684107618870076,0.684107618870075,FALSE,1.62287773736373e-16,1.62287773736373e-16,1.62287773736373e-16,200,FALSE
1,1,-2,1,0.366025403784439,2,0.660660599516928,0.660660599516928,0.660660599516928,0.660660599516928,FALSE,3.36094819469164e-16,3.36094819469164e-16,5.04142229203746e-16,200,FALSE
1.5,1,-2,1,0.5,2,0.636666629677795,0.636666629681947,0.636666629677795,0.636666629677794,FALSE,3.48761179830336e-16,6.52183406282729e-12,3.48761179830336e-16,200,FALSE
3,1,-2,1,0.822875655532295,2,0.601816561922522,0.601816561922522,0.601816561922522,0.601816561922522,FALSE,1.84478642641292e-16,7.37914570565167e-16,1.84478642641292e-16,201,FALSE
10,1,-2,1,1.79128784747792,2,0.558312959056778,0.558312959056751,0.558312959056778,0.558312959056744,FALSE,6.02525108909809e-14,1.25277497892138e-14,6.02525108909809e-14,203,FALSE
0.3,1,-0.5,1,0.281970514902493,0.5,0.77740763343917,0.777407633439171,0.77740763343917,0.777407633439171,FALSE,4.28432772024753e-16,1.42810924008251e-16,4.28432772024753e-16,200,FALSE
0.7,1,-0.5,1,0.479669331122391,0.5,0.705895062305117,0.705895062305117,0.705895062305117,0.705895062305116,FALSE,4.71836290085256e-16,4.71836290085256e-16,4.71836290085256e-16,200,FALSE
1,1,-0.5,1,0.593070330817254,0.5,0.677823145090477,0.677823145090477,0.677823145090478,0.677823145090477,FALSE,3.27584867134321e-16,0,3.27584867134321e-16,200,FALSE
1.5,1,-0.5,1,0.75,0.5,0.648735399409138,0.648735399412537,0.648735399409138,0.648735399409138,FALSE,3.42272990077723e-16,5.23985720509986e-12,3.42272990077723e-16,200,FALSE
3,1,-0.5,1,1.10610722522451,0.5,0.607389375383678,0.607389375383678,0.607389375383678,0.607389375383677,FALSE,5.48358138759267e-16,3.65572092506178e-16,5.48358138759267e-16,200,FALSE
10,1,-0.5,1,2.11455910839611,0.5,0.559378385857227,0.559378385857227,0.559378385857227,0.559378385857227,FALSE,3.96948846324757e-16,7.93897692649515e-16,3.96948846324757e-16,200,FALSE
0.3,1,0.5,1,0.531970514902493,0.5,0.801952734482491,0.801952734482491,0.801952734482491,0.801952734482491,FALSE,2.76879914959476e-16,1.38439957479738e-16,2.76879914959476e-16,200,FALSE
0.7,1,0.5,1,0.729669331122391,0.5,0.717635616899484,0.717635616899484,0.717635616899484,0.717635616899484,FALSE,0,1.54705674924808e-16,0,200,FALSE
1,1,0.5,1,0.843070330817254,0.5,0.6853297823065,0.6853297823065,0.6853297823065,0.6853297823065,FALSE,1.61998362436354e-16,0,0,200,FALSE
1.5,1,0.5,1,1,0.5,0.652858096958939,0.65285809696143,0.652858096958939,0.652858096958939,FALSE,3.40111589270825e-16,3.81486164105621e-12,3.40111589270825e-16,200,FALSE
3,1,0.5,1,1.35610722522451,0.5,0.608634047434008,0.608634047434008,0.608634047434008,0.608634047434008,FALSE,0,1.8241224415654e-16,0,200,FALSE
10,1,0.5,1,2.36455910839611,0.5,0.559499559245628,0.559499559245628,0.559499559245628,0.559499559245628,FALSE,1.9843143864529e-16,1.9843143864529e-16,1.9843143864529e-16,200,FALSE
0.3,1,2,1,1.13245553203368,2,0.780128161970387,0.780128161970387,0.780128161970387,0.780128161970387,FALSE,0,4.26938705233141e-16,0,200,FALSE
0.7,1,2,1,1.27459666924148,2,0.700462938876516,0.700462938876516,0.700462938876516,0.700462938876516,FALSE,1.58498467657099e-16,3.16996935314197e-16,1.58498467657099e-16,200,FALSE
1,1,2,1,1.36602540378444,2,0.671834514326088,0.671834514326088,0.671834514326088,0.671834514326088,FALSE,3.30504908858043e-16,3.30504908858043e-16,1.65252454429022e-16,201,FALSE
1.5,1,2,1,1.5,2,0.643426587193069,0.643426587194002,0.643426587193069,0.643426587193069,FALSE,3.45097031028349e-16,1.45027027289664e-12,3.45097031028349e-16,201,FALSE
3,1,2,1,1.8228756555323,2,0.604259084377225,0.604259084377225,0.604259084377225,0.604259084377225,FALSE,1.83732947228985e-16,1.83732947228985e-16,1.83732947228985e-16,202,FALSE
10,1,2,1,2.79128784747792,2,0.558607171902303,0.558607171902303,0.558607171902303,0.558607171902303,FALSE,1.98748437268422e-16,1.98748437268422e-16,1.98748437268422e-16,204,FALSE
0.3,1,5,1,2.55862523283024,5,0.619772484823305,0.619772484823305,0.619772484823305,0.619772484823305,FALSE,5.3740189431369e-16,3.5826792954246e-16,5.3740189431369e-16,209,FALSE
0.7,1,5,1,2.63293166859393,5,0.60938001449168,0.609380014491681,0.60938001449168,0.609380014491681,FALSE,5.46566837551076e-16,3.64377891700718e-16,5.46566837551076e-16,209,FALSE
1,1,5,1,2.68614066163451,5,0.603737589547719,0.60373758954772,0.60373758954772,0.60373758954772,FALSE,1.28724156105603e-15,3.67783303158865e-16,5.51674954738297e-16,210,FALSE
1.5,1,5,1,2.77069063257455,5,0.596258478228247,0.596258478228254,0.596258478228247,0.596258478228247,FALSE,5.58594836885572e-16,1.303387952733e-14,5.58594836885572e-16,210,FALSE
3,1,5,1,3,5,0.581237926164073,0.581237926164074,0.581237926164073,0.581237926164073,FALSE,7.64040317845164e-16,1.14606047676775e-15,7.64040317845164e-16,212,FALSE
10,1,5,1,3.8117376914899,5,0.553417132142102,0.5534171321421,0.553417132142102,0.553417132142102,FALSE,6.0183700150075e-16,2.80857267367017e-15,6.0183700150075e-16,216,FALSE
0.3,1,10,1,5.0298221281347,10,0.556868038936976,0.556868038936968,0.556868038936976,0.55686803893697,FALSE,1.07659336032651e-14,3.58864453442169e-15,1.07659336032651e-14,244,FALSE
0.7,1,10,1,5.06904651573303,10,0.555870956572266,0.555870956572256,0.555870956572266,0.555870956572257,FALSE,1.51792333947103e-14,2.59644781751624e-15,1.51792333947103e-14,245,FALSE
1,1,10,1,5.09807621135332,10,0.555156670792628,0.555156670792621,0.555156670792621,0.555156670792621,FALSE,1.33989099948458e-14,7.99934925065419e-16,0,245,FALSE
1.5,1,10,1,5.14575131106459,10,0.554024757562838,0.554024757562831,0.554024757562838,0.554024757562832,FALSE,1.18231464494537e-14,2.40470775243125e-15,1.18231464494537e-14,245,FALSE
3,1,10,1,5.28388218141501,10,0.551005667364119,0.551005667364111,0.551005667364119,0.551005667364112,FALSE,1.18879282614708e-14,2.41788371419746e-15,1.18879282614708e-14,247,FALSE
10,1,10,1,5.85410196624968,10,0.54153751126483,0.541537511264827,0.54153751126483,0.541537511264825,FALSE,1.04556698433756e-14,3.28021014694136e-15,1.04556698433756e-14,253,FALSE
0.3,1,15,1,7.51994694922886,15,0.53773627545718,0.537736275457192,0.53773627545718,0.537736275457193,FALSE,2.45690212768454e-14,3.30339781873551e-15,2.45690212768454e-14,318,FALSE
0.7,1,15,1,7.54637985454564,15,0.537444454690422,0.537444454690422,0.537444454690422,0.537444454690422,FALSE,8.26297873155779e-16,8.26297873155779e-16,8.26297873155779e-16,319,FALSE
1,1,15,1,7.56608438061844,15,0.537229915158314,0.537229915158321,0.537229915158322,0.53722991515832,FALSE,1.28127316786658e-14,1.44659873791388e-15,2.27322658815039e-15,319,FALSE
1.5,1,15,1,7.59870107958516,15,0.536880285966352,0.536880285966356,0.536880285966352,0.536880285966356,FALSE,7.85807861427039e-15,8.27166169923199e-16,7.85807861427039e-15,320,FALSE
3,1,15,1,7.69493345951487,15,0.535886923152175,0.535886923152179,0.535886923152175,0.53588692315218,FALSE,8.07981984439752e-15,1.03587433902532e-15,8.07981984439752e-15,323,FALSE
10,1,15,1,8.11606229914324,15,0.532114376138354,0.532114376138354,0.532114376138354,0.532114376138353,FALSE,2.50372417903588e-15,2.50372417903588e-15,2.50372417903588e-15,334,FALSE
0.3,1,18,1,9.01663591625449,18,0.531414200466547,0.531414200466547,0.531414200466547,0.531414200466548,FALSE,3.55161593387186e-15,3.55161593387186e-15,3.55161593387186e-15,401,FALSE
0.7,1,18,1,9.03872228716409,18,0.531245727607904,0.531245727607927,0.531245727607904,0.53124572760793,FALSE,4.91114369920096e-14,6.47852998618e-15,4.91114369920096e-14,402,FALSE
1,1,18,1,9.05521678957215,18,0.531121105988086,0.531121105988086,0.531121105988084,0.531121105988087,FALSE,2.71744036480651e-15,2.71744036480651e-15,5.22584685539713e-15,403,FALSE
1.5,1,18,1,9.08257569495584,18,0.530916619726451,0.530916619726451,0.530916619726451,0.530916619726453,FALSE,3.55494454634932e-15,3.55494454634932e-15,3.55494454634932e-15,403,FALSE
3,1,18,1,9.16368952654441,18,0.530326139500282,0.530326139500297,0.530326139500282,0.530326139500294,FALSE,2.17721107750436e-14,6.48976378871493e-15,2.17721107750436e-14,406,FALSE
10,1,18,1,9.52493781056044,18,0.527952886366809,0.527952886366817,0.527952886366809,0.527952886366817,FALSE,1.47201793437615e-14,6.30864829018351e-16,1.47201793437615e-14,416,FALSE
0.3,1,20,1,10.0149775672479,20,0.528260380008203,0.528260380008195,0.528260380008203,0.528260380008199,FALSE,6.72530784675799e-15,7.56597132760274e-15,6.72530784675799e-15,462,FALSE
0.7,1,20,1,10.0348783500696,20,0.528137682543306,0.528137682543321,0.528137682543306,0.528137682543325,FALSE,3.51058542574628e-14,6.51665558072663e-15,3.51058542574628e-14,463,FALSE
1,1,20,1,10.049752469181,20,0.528046681567266,0.528046681567274,0.528046681567271,0.528046681567273,FALSE,1.34560591054406e-14,6.30752770567528e-16,5.04602216454023e-15,463,FALSE
1.5,1,20,1,10.0744457825461,20,0.527896919735438,0.527896919735453,0.527896919735438,0.527896919735452,FALSE,2.7340374191537e-14,1.26186342422478e-15,2.7340374191537e-14,464,FALSE
3,1,20,1,10.1478150704935,20,0.527461379010131,0.527461379010138,0.527461379010131,0.527461379010135,FALSE,7.57743229684645e-15,6.73549537497463e-15,7.57743229684645e-15,466,FALSE
10,1,20,1,10.4772255750517,20,0.525664726318954,0.525664726318969,0.525664726318954,0.525664726318965,FALSE,2.23875856069631e-14,6.12490549624462e-15,2.23875856069631e-14,477,FALSE
0.3,1,22,1,11.0136195008361,22,0.525683018704107,0.525683018704063,0.525683018704107,0.525683018704064,FALSE,8.25777487921506e-14,2.53435546165168e-15,8.25777487921506e-14,527,FALSE
0.7,1,22,1,11.0317266743757,22,0.525590898263094,0.525590898263102,0.525590898263094,0.525590898263102,FALSE,1.43638647328172e-14,0,1.43638647328172e-14,527,FALSE
1,1,22,1,11.0452682532047,22,0.525522442079052,0.525522442079029,0.525522442079028,0.52552244207903,FALSE,4.07733384144291e-14,1.90134738720136e-15,5.07025969920362e-15,528,FALSE
1.5,1,22,1,11.06776436283,22,0.525409535584998,0.52540953558499,0.525409535584998,0.525409535584986,FALSE,2.13419281327457e-14,7.18441145062727e-15,2.13419281327457e-14,528,FALSE
3,1,22,1,11.1347138347923,22,0.525079433155733,0.525079433155718,0.525079433155733,0.525079433155716,FALSE,3.19272982586394e-14,3.38302498104789e-15,3.19272982586394e-14,531,FALSE
10,1,22,1,11.437171043519,22,0.523690355227911,0.523690355227881,0.523690355227911,0.523690355227886,FALSE,4.83359769924319e-14,8.47999596358454e-15,4.83359769924319e-14,541,FALSE
0.3,1,25,1,12.5119885020655,25,0.522593356499439,0.522593356499454,0.522593356499439,0.52259335649945,FALSE,2.01822671543091e-14,8.07290686172364e-15,2.01822671543091e-14,631,FALSE
0.7,1,25,1,12.5279375594219,25,0.522530624379859,0.522530624379919,0.522530624379859,0.52253062437992,FALSE,1.15371439346135e-13,1.69976337894858e-15,1.15371439346135e-13,631,FALSE
1,1,25,1,12.5398728127046,25,0.52248390968177,0.522483909681815,0.522483909681813,0.522483909681808,FALSE,7.13964448209e-14,1.38118122421384e-14,1.04119815363812e-14,632,FALSE
1.5,1,25,1,12.559714732062,25,0.522406680305821,0.522406680305851,0.522406680305821,0.522406680305849,FALSE,5.41928122193358e-14,2.55024998679227e-15,5.41928122193358e-14,633,FALSE
3,1,25,1,12.6188696014285,25,0.522179587393689,0.522179587393719,0.522179587393689,0.52217958739372,FALSE,6.01695515401332e-14,3.40181210120894e-15,6.01695515401332e-14,635,FALSE
10,1,25,1,12.8879590236759,25,0.521202683311808,0.521202683311838,0.521202683311808,0.521202683311847,FALSE,7.45541170566672e-14,1.76799763305811e-14,7.45541170566672e-14,645,FALSE
0.3,1,50,1,25.0059985606908,50,0.511286966466364,0.511286966466538,0.511286966466364,0.51128696646655,FALSE,3.65017109137865e-13,2.41028549163016e-14,3.65017109137865e-13,1849,FALSE
0.7,1,50,1,25.0139921687685,50,0.511279138712376,0.51127913871226,0.511279138712376,0.511279138712277,FALSE,1.9239149915159e-13,3.49605320128736e-14,1.9239149915159e-13,1849,FALSE
1,1,50,1,25.0199840255489,50,0.511273278328415,0.511273278328415,0.511273278328467,0.511273278328462,FALSE,9.12024332402134e-14,9.12024332402134e-14,9.55454062516521e-15,1849,FALSE
1.5,1,50,1,25.0299640861417,50,0.511263530824784,0.511263530824784,0.511263530824784,0.511263530824806,FALSE,4.2561946962162e-14,4.2561946962162e-14,4.2561946962162e-14,1850,FALSE
3,1,50,1,25.0598566870805,50,0.511234435889198,0.511234435889256,0.511234435889198,0.511234435889286,FALSE,1.70908972291769e-13,5.71144341966139e-14,1.70908972291769e-13,1852,FALSE
10,1,50,1,25.1984250992003,50,0.511101514936928,0.511101514936986,0.511101514936928,0.511101514936971,FALSE,8.29786613837587e-14,3.06282493589266e-14,8.29786613837587e-14,1860,FALSE
0.3,1,100,1,50.0029998200216,100,0.505642291246266,0.505642291245806,0.505642291246266,0.505642291245722,FALSE,1.07631686687136e-12,1.66870832073079e-13,1.07631686687136e-12,6158,FALSE
0.7,1,100,1,50.0069990202743,100,0.505641313183025,0.505641313181875,0.505641313183025,0.505641313181702,FALSE,2.6172423234682e-12,3.43403271300693e-13,2.6172423234682e-12,6158,FALSE
1,1,100,1,50.0099980007996,100,0.505640579963579,0.505640579962659,0.505640579962647,0.505640579962585,FALSE,1.96534983290999e-12,1.46232039852313e-13,1.2295787134729e-13,6158,FALSE
1.5,1,100,1,50.014995502698,100,0.50563935854601,0.50563935854509,0.50563935854601,0.505639358545098,FALSE,1.80331327993985e-12,1.55893392031814e-14,1.80331327993985e-12,6159,FALSE
3,1,100,1,50.0299820215677,100,0.505635698949515,0.505635698948595,0.505635698949515,0.505635698948435,FALSE,2.13443751001485e-12,3.15521726354422e-13,2.13443751001485e-12,6161,FALSE
10,1,100,1,50.0998007960223,100,0.505618712345892,0.505618712344972,0.505618712345892,0.505618712344898,FALSE,1.96609356413863e-12,1.47116672768917e-13,1.96609356413863e-12,6168,FALSE
0.3,1,-100,3,0.00899946006478913,100,0.9022737050963,0.902273705096299,0.9022737050963,0.9022737050963,FALSE,6.15236273845896e-16,4.92189019076717e-16,6.15236273845896e-16,200,FALSE
0.7,1,-100,3,0.0209970608229106,100,0.931785866178313,0.931785866178312,0.931785866178313,0.93178586617831,FALSE,2.97875044289602e-15,2.14470031888513e-15,2.97875044289602e-15,200,FALSE
1,1,-100,3,0.029994002398805,100,0.950257687042574,0.950257687042581,0.950257687043639,0.95025768704258,FALSE,6.19219619135758e-15,9.34671123223786e-16,1.11459531444436e-12,201,FALSE
1.5,1,-100,3,0.0449865080939347,100,0.970755850954943,0.970755850979421,0.970755850954943,0.97075585095498,FALSE,3.85416331954747e-14,2.51768358257715e-11,3.85416331954747e-14,203,FALSE
3,1,-100,3,0.0899460647029642,100,0.9937991640069,0.993799164517628,0.9937991640069,0.993799164499244,FALSE,4.95415489256567e-10,1.84986682187707e-11,4.95415489256567e-10,208,FALSE
10,1,-100,3,0.299402388066795,100,NA,0.999993189607152,0.999993189607152,-71137.7637445746,TRUE,NA,1.00001405713558,1.00001405713558,229,FALSE
0.3,1,-50,3,0.0179956820723586,50,0.90233674240997,0.90233674240997,0.90233674240997,0.90233674240997,FALSE,3.69115976035719e-16,1.23038658678573e-16,3.69115976035719e-16,200,FALSE
0.7,1,-50,3,0.0419765063055788,50,0.931899540806736,0.931899540806738,0.931899540806736,0.931899540806736,FALSE,4.765419344081e-16,2.14443870483645e-15,4.765419344081e-16,200,FALSE
1,1,-50,3,0.059952076646745,50,0.950391321364764,0.950391321364762,0.950391321364977,0.950391321364762,FALSE,1.75226193621625e-15,4.67269849657666e-16,2.25691337384653e-13,201,FALSE
1.5,1,-50,3,0.089892258425003,50,0.970899077670224,0.970899077694644,0.970899077670224,0.970899077670191,FALSE,3.46480477938712e-14,2.51861576463337e-11,3.46480477938712e-14,203,FALSE
3,1,-50,3,0.179570061241412,50,0.993891725693493,0.993891725839424,0.993891725693493,0.993891725814376,FALSE,1.2162667654507e-10,2.52016804325889e-11,1.2162667654507e-10,208,FALSE
10,1,-50,3,0.595275297600883,50,NA,0.999994030626318,0.999994030626318,-15960.2631871212,TRUE,NA,1.00006265523437,1.00006265523437,228,FALSE
0.3,1,-25,3,0.0359655061963746,25,0.902586909273031,0.90258690927303,0.902586909273031,0.902586909273031,FALSE,1.23004556483027e-16,1.23004556483027e-15,1.23004556483027e-16,200,FALSE
0.7,1,-25,3,0.0838126782656508,25,0.932348334752614,0.932348334752616,0.932348334752614,0.932348334752615,FALSE,8.33546956936236e-16,5.95390683525883e-16,8.33546956936236e-16,200,FALSE
1,1,-25,3,0.119618438113687,25,0.950916583942716,0.950916583942714,0.950916583942777,0.950916583942714,FALSE,1.98479990120402e-15,2.33505870729885e-16,6.63156672872874e-14,201,FALSE
1.5,1,-25,3,0.179144196185944,25,0.971453944985419,0.971453945009805,0.971453944985419,0.971453944985392,FALSE,2.76568923669694e-14,2.51301723944846e-11,2.76568923669694e-14,203,FALSE
3,1,-25,3,0.356608804285495,25,0.994240515706544,0.994240515875204,0.994240515706544,0.994240515895528,FALSE,1.90078024837379e-10,2.04412517084737e-11,1.90078024837379e-10,208,FALSE
10,1,-25,3,1.16387707102763,25,NA,0.999996363132338,0.999996363132338,-2116.8359438705,TRUE,NA,1.00047240144709,1.00047240144709,228,FALSE
0.3,1,-22,3,0.0408585025082653,22,0.902683239642056,0.902683239642055,0.902683239642056,0.902683239642056,FALSE,1.22991429979956e-16,9.83931439839647e-16,1.22991429979956e-16,200,FALSE
0.7,1,-22,3,0.0951800231271989,22,0.932520166347869,0.932520166347871,0.932520166347869,0.93252016634787,FALSE,1.4286743360928e-15,8.33393362720798e-16,1.4286743360928e-15,200,FALSE
1,1,-22,3,0.135804759614127,22,0.951116714679599,0.95111671467959,0.9511167146796,0.95111671467959,FALSE,9.22154112021195e-15,4.66913474441111e-16,1.0505553174925e-14,201,FALSE
1.5,1,-22,3,0.203293088490065,22,0.97166335072335,0.971663350747742,0.97166335072335,0.971663350723353,FALSE,2.97076128463268e-15,2.51005333941086e-11,2.97076128463268e-15,203,FALSE
3,1,-22,3,0.404141504376966,22,0.99436738315758,0.994367383430066,0.99436738315758,0.994367383432583,FALSE,2.76560781193819e-10,2.53113249565458e-12,2.76560781193819e-10,208,FALSE
10,1,-22,3,1.31151313055688,22,NA,0.999996962599857,0.999996962599857,2902.08268721181,TRUE,NA,0.999655420926838,0.999655420926838,228,FALSE
0.3,1,-20,3,0.0449327017437993,20,0.902772492557077,0.902772492557077,0.902772492557077,0.902772492557077,FALSE,1.22979270389651e-16,0,1.22979270389651e-16,200,FALSE
0.7,1,-20,3,0.104635050208925,20,0.932678890424474,0.932678890424477,0.932678890424474,0.932678890424475,FALSE,5.95179667956181e-16,2.14264680464225e-15,5.95179667956181e-16,200,FALSE
1,1,-20,3,0.149257407543116,20,0.951301101270117,0.951301101270125,0.951301101270135,0.951301101270123,FALSE,6.30211015731127e-15,1.63388041115477e-15,1.17872801090452e-14,201,FALSE
1.5,1,-20,3,0.223337347638329,20,0.971855331344674,0.971855331369162,0.971855331344674,0.971855331344753,FALSE,8.20225095208216e-14,2.51155665852238e-11,8.20225095208216e-14,203,FALSE
3,1,-20,3,0.443445211480501,20,0.994481464863061,0.994481465004778,0.994481464863061,0.994481465036035,FALSE,1.73933605118577e-10,3.14297771811608e-11,1.73933605118577e-10,208,FALSE
10,1,-20,3,1.43167672515498,20,NA,0.999997417059035,0.999997417059035,-5511.98221336463,TRUE,NA,1.00018142246806,1.00018142246806,227,FALSE
0.3,1,-18,3,0.0499077487634567,18,0.902892492535629,0.902892492535629,0.902892492535629,0.902892492535629,FALSE,4.91851702745815e-16,3.68888777059362e-16,4.91851702745815e-16,200,FALSE
0.7,1,-18,3,0.116166861492261,18,0.932891566858977,0.932891566858978,0.932891566858977,0.932891566858977,FALSE,5.9504398156543e-16,8.33061574191602e-16,5.9504398156543e-16,200,FALSE
1,1,-18,3,0.165650368716449,18,0.951547447371666,0.951547447371665,0.951547447371666,0.951547447371664,FALSE,1.40010635647244e-15,5.83377648530182e-16,1.51678188617847e-15,201,FALSE
1.5,1,-18,3,0.24772708486752,18,0.972110411417044,0.97211041144149,0.972110411417044,0.972110411417086,FALSE,4.35130585388513e-14,2.51039511743436e-11,4.35130585388513e-14,203,FALSE
3,1,-18,3,0.491068579633223,18,0.994629817316161,0.994629817213518,0.994629817316161,0.994629817214255,FALSE,1.02456136319971e-10,7.41279919315694e-13,1.02456136319971e-10,208,FALSE
10,1,-18,3,1.57481343168133,18,NA,0.999997908526544,0.999997908526544,-1332.7716472953,TRUE,NA,1.00075031451228,1.00075031451228,227,FALSE
0.3,1,-15,3,0.0598408476865853,15,0.903167655116727,0.903167655116726,0.903167655116727,0.903167655116727,FALSE,0,1.22925463321831e-15,0,200,FALSE
0.7,1,-15,3,0.139139563636929,15,0.93337612386877,0.93337612386877,0.93337612386877,0.933376123868769,FALSE,1.07052312204113e-15,1.30841714916138e-15,1.07052312204113e-15,200,FALSE
1,1,-15,3,0.19825314185531,15,0.95210567860116,0.952105678601166,0.952105678601181,0.952105678601165,FALSE,5.0141062207528e-15,1.28267833554142e-15,1.66748183620384e-14,201,FALSE
1.5,1,-15,3,0.296103238755489,15,0.972682526650378,0.972682526674741,0.972682526650378,0.972682526650388,FALSE,9.58778753738559e-15,2.50370233296207e-11,9.58778753738559e-15,203,FALSE
3,1,-15,3,0.584800378544625,15,0.994949627617657,0.994949627817896,0.994949627617657,0.994949627811627,FALSE,1.94955102149515e-10,6.30080675002304e-12,1.94955102149515e-10,207,FALSE
10,1,-15,3,1.84818689742973,15,NA,0.999998675749216,0.999998675749216,860.654240918629,TRUE,NA,0.998838094756052,0.998838094756052,226,FALSE
0.3,1,-10,3,0.0894663844041106,10,0.904255716048001,0.904255716048,0.904255716048001,0.904255716048001,FALSE,2.4555510237244e-16,7.36665307117321e-16,2.4555510237244e-16,200,FALSE
0.7,1,-10,3,0.207139547199077,10,0.935251010299423,0.935251010299425,0.935251010299423,0.935251010299424,FALSE,3.56125685746027e-16,8.30959933407397e-16,3.56125685746027e-16,200,FALSE
1,1,-10,3,0.294228634059948,10,0.954226732229573,0.95422673222957,0.954226732229572,0.95422673222957,FALSE,3.49043781879103e-15,0,2.55965440044675e-15,201,FALSE
1.5,1,-10,3,0.437253933193772,10,0.974783874823314,0.974783874847602,0.974783874823314,0.974783874823328,FALSE,1.44645728934478e-14,2.4901616443131e-11,1.44645728934478e-14,203,FALSE
3,1,-10,3,0.851646544245032,10,0.995985035161185,0.995985035184166,0.995985035161185,0.99598503518886,FALSE,2.77859780365888e-11,4.71294525748078e-12,2.77859780365888e-11,207,FALSE
10,1,-10,3,2.56230589874905,10,NA,0.99999971098262,0.99999971098262,3.09197339528012,TRUE,NA,0.67658204546355,0.67658204546355,224,FALSE
0.3,1,-5,3,0.17587569849072,5,0.909300337917268,0.909300337917267,0.909300337917268,0.909300337917268,FALSE,0,4.88385620605002e-16,0,200,FALSE
0.7,1,-5,3,0.3987950057818,5,0.943179812082988,0.943179812082988,0.943179812082988,0.943179812082988,FALSE,2.35421286673484e-16,2.35421286673484e-16,2.35421286673484e-16,200,FALSE
1,1,-5,3,0.558421984903521,5,0.962562962000897,0.962562962000897,0.962562962000899,0.962562962000896,FALSE,5.7670150860434e-16,1.26874331892955e-15,2.76816724130083e-15,201,FALSE
1.5,1,-5,3,0.812071897723665,5,0.982038366963688,0.982038366987417,0.982038366963688,0.982038366963699,FALSE,1.07400271605975e-14,2.41523991845867e-11,1.07400271605975e-14,203,FALSE
3,1,-5,3,1.5,5,0.998314336576441,0.998314336573211,0.998314336576441,0.998314336574556,FALSE,1.88856422405754e-12,1.34697266999087e-12,1.88856422405754e-12,206,FALSE
10,1,-5,3,3.9352130744697,5,NA,0.999999995760888,0.999999995760888,0.99999927924622,TRUE,NA,7.16515184473151e-07,7.16515184473151e-07,216,FALSE
0.3,1,-2,3,0.397366596101028,2,0.928025700679768,0.928025700679768,0.928025700679768,0.928025700679767,FALSE,2.392655771951e-16,5.98163942987749e-16,2.392655771951e-16,200,FALSE
0.7,1,-2,3,0.82379000772445,2,0.964765212695733,0.964765212695733,0.964765212695733,0.964765212695732,FALSE,8.05539116679064e-16,4.60308066673751e-16,8.05539116679064e-16,200,FALSE
1,1,-2,3,1.09807621135332,2,0.980890180073267,0.980890180073268,0.980890180073268,0.980890180073267,FALSE,0,1.13185252251402e-16,5.65926261257009e-16,200,FALSE
1.5,1,-2,3,1.5,2,0.993437636245379,0.993437636266956,0.993437636245379,0.993437636245379,FALSE,6.70534103471955e-16,2.17187113671405e-11,6.70534103471955e-16,201,FALSE
3,1,-2,3,2.46862696659689,2,0.99977698727035,0.999776987270366,0.99977698727035,0.999776987270366,FALSE,1.63239189037028e-14,1.11047067372128e-16,1.63239189037028e-14,202,FALSE
10,1,-2,3,5.37386354243376,2,0.999999999993591,0.999999999991468,0.999999999993591,0.99999999999153,FALSE,2.0610180229316e-12,6.20614670770719e-14,2.0610180229316e-12,205,FALSE
0.3,1,-0.5,3,0.845911544707478,0.5,0.962163576051089,0.962163576051089,0.962163576051089,0.962163576051089,FALSE,1.1538817850305e-16,1.1538817850305e-16,1.1538817850305e-16,200,FALSE
0.7,1,-0.5,3,1.43900799336717,0.5,0.986846412626627,0.986846412626627,0.986846412626627,0.986846412626627,FALSE,1.12502108780043e-16,0,1.12502108780043e-16,200,FALSE
1,1,-0.5,3,1.77921099245176,0.5,0.99432323613692,0.994323236136921,0.994323236136921,0.994323236136921,FALSE,3.3496844414655e-16,0,0,200,FALSE
1.5,1,-0.5,3,2.25,0.5,0.998621454639269,0.998621454656932,0.998621454639269,0.998621454639269,FALSE,0,1.76875873740935e-11,0,200,FALSE
3,1,-0.5,3,3.31832167567354,0.5,0.999980463289767,0.999980463289766,0.999980463289767,0.999980463289766,FALSE,2.22048943030889e-16,0,2.22048943030889e-16,200,FALSE
10,1,-0.5,3,6.34367732518834,0.5,0.999999999999953,0.999999999999953,0.999999999999953,0.999999999999953,FALSE,2.22044604925042e-16,2.22044604925042e-16,2.22044604925042e-16,201,FALSE
0.3,1,0.5,3,1.59591154470748,0.5,0.990064295708189,0.990064295708189,0.990064295708189,0.990064295708188,FALSE,1.12136457141e-16,5.60682285705e-16,1.12136457141e-16,200,FALSE
0.7,1,0.5,3,2.18900799336717,0.5,0.997261903490398,0.997261903490397,0.997261903490398,0.997261903490398,FALSE,0,7.79289888160349e-16,0,200,FALSE
1,1,0.5,3,2.52921099245176,0.5,0.999007098044322,0.999007098044322,0.999007098044322,0.999007098044322,FALSE,1.11132646284351e-16,0,1.11132646284351e-16,200,FALSE
1.5,1,0.5,3,3,0.5,0.999814737586924,0.999814737599865,0.999814737586924,0.999814737586923,FALSE,1.11042874533407e-16,1.29438237128611e-11,1.11042874533407e-16,200,FALSE
3,1,0.5,3,4.06832167567354,0.5,0.999998621560078,0.999998621560078,0.999998621560078,0.999998621560078,FALSE,0,0,0,200,FALSE
10,1,0.5,3,7.09367732518834,0.5,1,1,1,1,FALSE,1.11022302462516e-16,1.11022302462516e-16,1.11022302462516e-16,201,FALSE
0.3,1,2,3,3.39736659610103,2,0.999898251799659,0.99989825179966,0.999898251799659,0.999898251799659,FALSE,1.11033599931486e-16,3.33100799794458e-16,1.11033599931486e-16,200,FALSE
0.7,1,2,3,3.82379000772445,2,0.999978331020142,0.999978331020143,0.999978331020142,0.999978331020143,FALSE,1.11024708254683e-16,3.33074124764048e-16,1.11024708254683e-16,200,FALSE
1,1,2,3,4.09807621135332,2,0.999993599021115,0.999993599021116,0.999993599021116,0.999993599021116,FALSE,6.6613807871087e-16,2.22046026236957e-16,1.11023013118478e-16,201,FALSE
1.5,1,2,3,4.5,2,0.99999913765076,0.999999137655609,0.99999913765076,0.99999913765076,FALSE,0,4.84812608471098e-12,0,202,FALSE
3,1,2,3,5.46862696659689,2,0.99999999725557,0.99999999725557,0.99999999725557,0.99999999725557,FALSE,1.11022302767209e-16,1.11022302767209e-16,1.11022302767209e-16,203,FALSE
10,1,2,3,8.37386354243376,2,1,1,1,1,FALSE,2.22044604925031e-16,2.22044604925031e-16,2.22044604925031e-16,205,FALSE
0.3,1,5,3,7.67587569849072,5,0.999999999999949,0.99999999999995,0.999999999999949,0.99999999999995,FALSE,2.22044604925043e-16,6.66133814775128e-16,2.22044604925043e-16,211,FALSE
0.7,1,5,3,7.8987950057818,5,0.999999999999992,0.999999999999994,0.999999999999992,0.999999999999994,FALSE,1.55431223447523e-15,2.22044604925033e-16,1.55431223447523e-15,211,FALSE
1,1,5,3,8.05842198490352,5,0.999999999999997,0.999999999999997,0.999999999999998,0.999999999999998,FALSE,2.22044604925032e-16,2.22044604925032e-16,5.5511151231258e-16,211,FALSE
1.5,1,5,3,8.31207189772366,5,1,1,1,1,FALSE,8.88178419700124e-16,8.88178419700124e-16,8.88178419700124e-16,212,FALSE
3,1,5,3,9,5,1,1,1,1,FALSE,1.55431223447522e-15,1.55431223447522e-15,1.55431223447522e-15,213,FALSE
10,1,5,3,11.4352130744697,5,1,1,1,1,FALSE,4.44089209850061e-15,4.44089209850061e-15,4.44089209850061e-15,218,FALSE
0.3,1,10,3,15.0894663844041,10,1,0.999999999999989,1,0.99999999999999,FALSE,9.88098491916399e-15,7.77156117237617e-16,9.88098491916399e-15,280,FALSE
0.7,1,10,3,15.2071395471991,10,1,0.999999999999989,1,0.999999999999992,FALSE,7.99360577730119e-15,2.6645352591004e-15,7.99360577730119e-15,281,FALSE
1,1,10,3,15.2942286340599,10,1,1,1,1,FALSE,0,0,0,281,FALSE
1.5,1,10,3,15.4372539331938,10,1,0.999999999999989,1,0.999999999999989,FALSE,1.11022302462517e-14,4.44089209850068e-16,1.11022302462517e-14,282,FALSE
3,1,10,3,15.851646544245,10,1,0.999999999999982,1,0.999999999999985,FALSE,1.54321000422899e-14,2.33146835171286e-15,1.54321000422899e-14,283,FALSE
10,1,10,3,17.5623058987491,10,1,1,1,1,FALSE,8.88178419700124e-16,8.88178419700124e-16,8.88178419700124e-16,289,FALSE
0.3,1,15,3,22.5598408476866,15,0.999999999999979,1,0.999999999999979,0.999999999999996,FALSE,1.6986412276765e-14,4.32986979603813e-15,1.6986412276765e-14,426,FALSE
0.7,1,15,3,22.6391395636369,15,1,1,1,1.00000000000001,FALSE,9.54791801177625e-15,9.54791801177625e-15,9.54791801177625e-15,426,FALSE
1,1,15,3,22.6982531418553,15,0.999999999999993,1,1,0.999999999999998,FALSE,4.8849813083507e-15,2.22044604925032e-15,2.22044604925032e-15,427,FALSE
1.5,1,15,3,22.7961032387555,15,1,1,1,1.00000000000001,FALSE,1.22124532708766e-14,1.22124532708766e-14,1.22124532708766e-14,427,FALSE
3,1,15,3,23.0848003785446,15,0.999999999999972,1,0.999999999999972,0.999999999999983,FALSE,1.11022302462518e-14,1.73194791841527e-14,1.11022302462518e-14,429,FALSE
10,1,15,3,24.3481868974297,15,0.999999999999986,1,0.999999999999986,0.99999999999999,FALSE,3.77475828372557e-15,1.04360964314766e-14,3.77475828372557e-15,435,FALSE
0.3,1,18,3,27.0499077487635,18,1,1,1,1.00000000000005,FALSE,4.75175454539544e-14,4.75175454539544e-14,4.75175454539544e-14,524,FALSE
0.7,1,18,3,27.1161668614923,18,0.999999999999972,1,0.999999999999972,1.00000000000003,FALSE,5.48450174164813e-14,2.6423307986078e-14,5.48450174164813e-14,525,FALSE
1,1,18,3,27.1656503687164,18,0.999999999999986,1,1,1,FALSE,1.90958360235526e-14,4.88498130835067e-15,4.88498130835067e-15,525,FALSE
1.5,1,18,3,27.2477270848675,18,1,1,1,1.00000000000001,FALSE,1.39888101102768e-14,1.39888101102768e-14,1.39888101102768e-14,526,FALSE
3,1,18,3,27.4910685796332,18,1,1,1,1.00000000000005,FALSE,4.50750547997793e-14,4.50750547997793e-14,4.50750547997793e-14,527,FALSE
10,1,18,3,28.5748134316813,18,0.999999999999986,1,0.999999999999986,1.00000000000001,FALSE,2.2870594307278e-14,8.65973959207615e-15,2.2870594307278e-14,534,FALSE
0.3,1,20,3,30.0449327017438,20,1,1,1,1.00000000000002,FALSE,2.04281036531025e-14,2.04281036531025e-14,2.04281036531025e-14,595,FALSE
0.7,1,20,3,30.1046350502089,20,0.999999999999986,1,0.999999999999986,1.00000000000006,FALSE,6.9944050551381e-14,5.57331958361798e-14,6.9944050551381e-14,595,FALSE
1,1,20,3,30.1492574075431,20,0.999999999999986,1,1,1,FALSE,1.90958360235526e-14,4.88498130835067e-15,4.88498130835067e-15,596,FALSE
1.5,1,20,3,30.2233373476383,20,1,1,1,1.00000000000004,FALSE,4.26325641456042e-14,4.26325641456042e-14,4.26325641456042e-14,596,FALSE
3,1,20,3,30.4434452114805,20,0.999999999999972,1,0.999999999999972,0.999999999999993,FALSE,2.09832151654156e-14,7.4384942649886e-15,2.09832151654156e-14,598,FALSE
10,1,20,3,31.431676725155,20,1,1,1,1.00000000000003,FALSE,3.28626015289036e-14,3.28626015289036e-14,3.28626015289036e-14,605,FALSE
0.3,1,22,3,33.0408585025083,22,1,0.999999999999957,1,0.999999999999963,FALSE,3.74145159298692e-14,5.21804821573843e-15,3.74145159298692e-14,670,FALSE
0.7,1,22,3,33.0951800231272,22,0.999999999999972,0.999999999999986,0.999999999999972,0.999999999999993,FALSE,2.12052597703406e-14,6.99440505513854e-15,2.12052597703406e-14,670,FALSE
1,1,22,3,33.1358047596141,22,1,1,1,1,FALSE,4.88498130835067e-15,4.88498130835067e-15,4.88498130835067e-15,670,FALSE
1.5,1,22,3,33.2032930884901,22,0.999999999999972,0.999999999999943,0.999999999999972,0.999999999999946,FALSE,2.59792187762301e-14,2.44249065417548e-15,2.59792187762301e-14,671,FALSE
3,1,22,3,33.404141504377,22,1,0.999999999999986,1,0.99999999999999,FALSE,9.88098491916399e-15,4.32986979603815e-15,9.88098491916399e-15,672,FALSE
10,1,22,3,34.3115131305569,22,1,1,1,0.999999999999995,FALSE,4.88498130835071e-15,4.88498130835071e-15,4.88498130835071e-15,679,FALSE
0.3,1,25,3,37.5359655061964,25,0.999999999999886,0.999999999999915,0.999999999999886,0.999999999999913,FALSE,2.63122856836185e-14,2.10942374678798e-15,2.63122856836185e-14,789,FALSE
0.7,1,25,3,37.5838126782656,25,1,1,1,1.00000000000012,FALSE,1.18571819029953e-13,1.18571819029953e-13,1.18571819029953e-13,789,FALSE
1,1,25,3,37.6196184381137,25,0.999999999999915,1,1,0.999999999999991,FALSE,7.59392548843614e-14,9.3258734068514e-15,9.3258734068514e-15,789,FALSE
1.5,1,25,3,37.6791441961859,25,1,1,1,1.00000000000012,FALSE,1.15019105351153e-13,1.15019105351153e-13,1.15019105351153e-13,790,FALSE
3,1,25,3,37.8566088042855,25,0.999999999999858,0.999999999999915,0.999999999999858,0.999999999999908,FALSE,5.01820807130617e-14,6.66133814775155e-15,5.01820807130617e-14,791,FALSE
10,1,25,3,38.6638770710276,25,0.999999999999972,1,0.999999999999972,1.00000000000004,FALSE,6.72795152922819e-14,3.8857805861879e-14,6.72795152922819e-14,798,FALSE
0.3,1,50,3,75.0179956820724,50,1,1,1,1.00000000000067,FALSE,6.665779039845e-13,6.665779039845e-13,6.665779039845e-13,2128,FALSE
0.7,1,50,3,75.0419765063056,50,0.999999999999886,0.999999999999659,0.999999999999886,0.999999999999698,FALSE,1.88626891883871e-13,3.87467835594297e-14,1.88626891883871e-13,2129,FALSE
1,1,50,3,75.0599520766467,50,0.999999999999886,0.999999999999886,1,0.999999999999991,FALSE,1.04360964314766e-13,1.04360964314766e-13,9.3258734068514e-15,2129,FALSE
1.5,1,50,3,75.089892258425,50,0.999999999999886,1,0.999999999999886,1.00000000000005,FALSE,1.6142642778049e-13,4.77395900588795e-14,1.6142642778049e-13,2130,FALSE
3,1,50,3,75.1795700612414,50,0.999999999999659,0.999999999999659,0.999999999999659,0.999999999999729,FALSE,7.0388139761254e-14,7.0388139761254e-14,7.0388139761254e-14,2131,FALSE
10,1,50,3,75.5952752976009,50,1,1,1,1.00000000000034,FALSE,3.37285754881009e-13,3.37285754881009e-13,3.37285754881009e-13,2138,FALSE
0.3,1,100,3,150.008999460065,100,1,1,1,0.999999999999951,FALSE,4.85167461761217e-14,4.85167461761217e-14,4.85167461761217e-14,6679,FALSE
0.7,1,100,3,150.020997060823,100,0.99999999999909,0.999999999996817,0.99999999999909,0.999999999996467,FALSE,2.62301291798866e-12,3.49276163548308e-13,2.62301291798866e-12,6679,FALSE
1,1,100,3,150.029994002399,100,1,1,1,0.999999999999877,FALSE,1.23012711128482e-13,1.23012711128482e-13,1.23012711128482e-13,6680,FALSE
1.5,1,100,3,150.044986508094,100,0.999999999995907,0.999999999994088,0.999999999995907,0.999999999994088,FALSE,1.819322470464e-12,3.33066907389516e-16,1.819322470464e-12,6680,FALSE
3,1,100,3,150.089946064703,100,1,1,1,1.00000000000049,FALSE,4.91162666093928e-13,4.91162666093928e-13,4.91162666093928e-13,6682,FALSE
10,1,100,3,150.299402388067,100,1,1,1,1.00000000000241,FALSE,2.4120705432948e-12,2.4120705432948e-12,2.4120705432948e-12,6689,FALSE
