"alpha","beta","gamma","q_factor","q","abs_z","val_series","val_integrate","val_dispatch","val_ref","val_ref_quad","series_returned_nan","rel_err_series","rel_err_integrate","rel_err_dispatch","ref_iterations","ref_reached_max"
0.3,1,-100,0.333333333333333,0.000999940007198793,100,0.545924970100065,0.545924970100064,0.545924970100065,0.545924970100065,0.545924970100065,FALSE,2.0336549625522e-16,6.10096488765659e-16,2.0336549625522e-16,200,FALSE
0.7,1,-100,0.333333333333333,0.00233300675810118,100,0.361853253487295,0.361853253487294,0.361853253487295,0.361853253487295,0.36185325348727,FALSE,6.81131119014397e-14,6.50449537076811e-14,6.81131119014397e-14,200,FALSE
1,1,-100,0.333333333333333,0.00333266693320056,100,0.283476636531926,0.283476636531926,0.283476636532374,0.283476636531926,0.283476636531926,FALSE,3.91645335646601e-16,0,1.57891817065927e-12,200,FALSE
1.5,1,-100,0.333333333333333,0.00499850089932607,100,0.19874802982154,0.198748029822446,0.19874802982154,0.19874802982154,0.19874802982154,FALSE,1.11721663416945e-15,4.55531117374667e-12,1.11721663416945e-15,200,FALSE
3,1,-100,0.333333333333333,0.00999400718921824,100,0.0802830132357189,0.080283013235719,0.0802830132357189,0.080283013235719,0.0802830132357191,FALSE,2.42005153367812e-15,6.91443295336604e-16,2.42005153367812e-15,200,FALSE
10,1,-100,0.333333333333333,0.0332669320074217,100,0.0023469947848601,0.00234699478486599,0.0023469947848601,0.00234699478486592,0.002346994784866,FALSE,2.51117857084105e-12,2.95650162865761e-15,2.51117857084105e-12,203,FALSE
0.3,1,-50,0.333333333333333,0.00199952023026206,50,0.545961251263312,0.545961251263312,0.545961251263312,0.545961251263312,0.545961251263312,FALSE,2.0335198185882e-16,2.0335198185882e-16,2.0335198185882e-16,200,FALSE
0.7,1,-50,0.333333333333333,0.00466405625617542,50,0.361888310709873,0.361888310709873,0.361888310709873,0.361888310709874,0.361888310709847,FALSE,7.42422355207555e-14,7.20947328404031e-14,7.42422355207555e-14,200,FALSE
1,1,-50,0.333333333333333,0.00666134184963833,50,0.283500306635687,0.283500306635687,0.283500306635872,0.283500306635687,0.283500306635687,FALSE,5.87418954392095e-16,5.87418954392095e-16,6.51447620420833e-13,200,FALSE
1.5,1,-50,0.333333333333333,0.00998802871388923,50,0.198747832142501,0.198747832143406,0.198747832142501,0.198747832142501,0.198747832142501,FALSE,8.3791330903358e-16,4.55280196463396e-12,8.3791330903358e-16,200,FALSE
3,1,-50,0.333333333333333,0.0199522290268235,50,0.0802279842845679,0.0802279842845677,0.0802279842845679,0.0802279842845677,0.0802279842845677,FALSE,1.9027732934744e-15,0,1.9027732934744e-15,200,FALSE
10,1,-50,0.333333333333333,0.0661416997334315,50,0.00231948018331489,0.00231948018331602,0.00231948018331489,0.00231948018331599,0.00231948018331603,FALSE,4.90991891273945e-13,4.30038594794392e-15,4.90991891273945e-13,203,FALSE
0.3,1,-25,0.333333333333333,0.00399616735515274,25,0.546105186162677,0.546105186162677,0.546105186162677,0.546105186162677,0.546105186162677,FALSE,2.03298385138287e-16,0,2.03298385138287e-16,200,FALSE
0.7,1,-25,0.333333333333333,0.00931251980729453,25,0.362026350743412,0.36202635074341,0.362026350743412,0.362026350743412,0.362026350743381,FALSE,8.60206882089923e-14,8.15739859664597e-14,8.60206882089923e-14,200,FALSE
1,1,-25,0.333333333333333,0.0132909375681874,25,0.283592478860083,0.283592478860083,0.283592478860129,0.283592478860083,0.283592478860083,FALSE,3.91485355707516e-16,7.82970711415032e-16,1.62270679940765e-13,200,FALSE
1.5,1,-25,0.333333333333333,0.0199049106873271,25,0.198744759556981,0.198744759557885,0.198744759556981,0.198744759556981,0.198744759556981,FALSE,6.98271885948049e-16,4.54854306506559e-12,6.98271885948049e-16,200,FALSE
3,1,-25,0.333333333333333,0.0396232004761661,25,0.0800097561146324,0.0800097561146326,0.0800097561146324,0.0800097561146325,0.0800097561146325,FALSE,1.73451194975914e-15,1.73451194975914e-15,1.73451194975914e-15,200,FALSE
10,1,-25,0.333333333333333,0.129319674558626,25,0.00221800725336519,0.00221800725336565,0.00221800725336519,0.00221800725336569,0.00221800725336566,FALSE,2.11364962252197e-13,1.75974529164642e-15,2.11364962252197e-13,202,FALSE
0.3,1,-22,0.333333333333333,0.00453983361202948,22,0.546160589559212,0.546160589559212,0.546160589559212,0.546160589559212,0.546160589559212,FALSE,2.03277762227623e-16,0,2.03277762227623e-16,200,FALSE
0.7,1,-22,0.333333333333333,0.0105755581252443,22,0.362079046149394,0.362079046149393,0.362079046149394,0.362079046149394,0.362079046149362,FALSE,8.84611650441185e-14,8.30952364885828e-14,8.84611650441185e-14,200,FALSE
1,1,-22,0.333333333333333,0.0150894177349029,22,0.283627229912486,0.283627229912486,0.283627229912488,0.283627229912486,0.283627229912486,FALSE,1.95718694740226e-16,7.82874778960905e-16,6.26299823168724e-15,200,FALSE
1.5,1,-22,0.333333333333333,0.0225881209433405,22,0.19874262513381,0.198742625134714,0.19874262513381,0.19874262513381,0.19874262513381,FALSE,5.58623508106358e-16,4.5469160442317e-12,5.58623508106358e-16,200,FALSE
3,1,-22,0.333333333333333,0.0449046115974407,22,0.0799258266674648,0.079925826667465,0.0799258266674648,0.0799258266674649,0.0799258266674649,FALSE,5.20900003908135e-16,1.21543334245231e-15,5.20900003908135e-16,200,FALSE
10,1,-22,0.333333333333333,0.145723681172986,22,0.00218190828757413,0.00218190828757353,0.00218190828757413,0.00218190828757361,0.00218190828757353,FALSE,2.73099248667642e-13,3.97524379428882e-16,2.73099248667642e-13,202,FALSE
0.3,1,-20,0.333333333333333,0.0049925224159777,20,0.546211912082261,0.546211912082261,0.546211912082261,0.546211912082261,0.546211912082261,FALSE,4.06517324161892e-16,0,4.06517324161892e-16,200,FALSE
0.7,1,-20,0.333333333333333,0.0116261166898806,20,0.362127644262613,0.362127644262611,0.362127644262613,0.362127644262612,0.36212764426258,FALSE,9.09019601283653e-14,8.59966266981669e-14,9.09019601283653e-14,200,FALSE
1,1,-20,0.333333333333333,0.0165841563936796,20,0.283659065204676,0.283659065204676,0.283659065204685,0.283659065204676,0.283659065204676,FALSE,3.91393458137525e-16,3.91393458137525e-16,3.28770504835521e-14,200,FALSE
1.5,1,-20,0.333333333333333,0.0248152608487032,20,0.198740187424101,0.198740187425005,0.198740187424101,0.198740187424101,0.198740187424101,FALSE,9.77603130134921e-16,4.5459942127174e-12,9.77603130134921e-16,200,FALSE
3,1,-20,0.333333333333333,0.0492716901645001,20,0.0798481316416064,0.0798481316416059,0.0798481316416064,0.0798481316416059,0.079848131641606,FALSE,5.04026629242899e-15,1.04281371567496e-15,5.04026629242899e-15,200,FALSE
10,1,-20,0.333333333333333,0.159075191683887,20,0.00214979107255123,0.00214979107255061,0.00214979107255123,0.00214979107255084,0.00214979107255061,FALSE,2.88476238728593e-13,8.06926541898163e-16,2.88476238728593e-13,202,FALSE
0.3,1,-18,0.333333333333333,0.00554530541816186,18,0.546280899176878,0.546280899176878,0.546280899176878,0.546280899176878,0.546280899176878,FALSE,0,6.09698980669841e-16,0,200,FALSE
0.7,1,-18,0.333333333333333,0.0129074290546957,18,0.362192643994498,0.362192643994496,0.362192643994498,0.362192643994498,0.362192643994465,FALSE,9.25715524586748e-14,8.73605710288818e-14,9.25715524586748e-14,200,FALSE
1,1,-18,0.333333333333333,0.0184055965240499,18,0.283701323307642,0.283701323307642,0.283701323307646,0.283701323307642,0.283701323307642,FALSE,3.91335158990867e-16,5.87002738486301e-16,1.21313899287169e-14,200,FALSE
1.5,1,-18,0.333333333333333,0.0275252316519466,18,0.198736224695735,0.198736224696638,0.198736224695735,0.198736224695735,0.198736224695735,FALSE,1.67592449689266e-15,4.54357097145075e-12,1.67592449689266e-15,200,FALSE
3,1,-18,0.333333333333333,0.0545631755148026,18,0.0797437909991984,0.0797437909991981,0.0797437909991984,0.0797437909991981,0.0797437909991982,FALSE,3.306564248383e-15,3.48059394566631e-16,3.306564248383e-15,200,FALSE
10,1,-18,0.333333333333333,0.174979270186815,18,0.00210848893242201,0.0021084889324217,0.00210848893242201,0.00210848893242172,0.00210848893242169,FALSE,1.52822659255129e-13,1.85114930457088e-15,1.52822659255129e-13,202,FALSE
0.3,1,-15,0.333333333333333,0.00664898307628725,15,0.546439019906186,0.546439019906186,0.546439019906186,0.546439019906186,0.546439019906186,FALSE,4.06348369783608e-16,2.03174184891804e-16,4.06348369783608e-16,200,FALSE
0.7,1,-15,0.333333333333333,0.0154599515152144,15,0.362340230839578,0.362340230839576,0.362340230839578,0.362340230839578,0.362340230839543,FALSE,9.52914778075872e-14,8.90102067623925e-14,9.52914778075872e-14,200,FALSE
1,1,-15,0.333333333333333,0.0220281268728123,15,0.283795901449689,0.283795901449689,0.283795901449687,0.283795901449689,0.283795901449689,FALSE,9.78011855486552e-16,3.91204742194621e-16,6.65048061730856e-15,200,FALSE
1.5,1,-15,0.333333333333333,0.032900359861721,15,0.198724251890934,0.198724251891836,0.198724251890934,0.198724251890933,0.198724251890933,FALSE,6.98343945228741e-16,4.53965465035395e-12,6.98343945228741e-16,200,FALSE
3,1,-15,0.333333333333333,0.0649778198382916,15,0.0795051579846844,0.0795051579846843,0.0795051579846844,0.0795051579846842,0.0795051579846843,FALSE,1.92007248027061e-15,0,1.92007248027061e-15,200,FALSE
10,1,-15,0.333333333333333,0.205354099714415,15,0.00202109991131856,0.00202109991131854,0.00202109991131856,0.00202109991131857,0.00202109991131853,FALSE,1.13725629930376e-14,2.57491992295191e-15,1.13725629930376e-14,202,FALSE
0.3,1,-10,0.333333333333333,0.00994070937823451,10,0.547063331228058,0.547063331228057,0.547063331228058,0.547063331228058,0.547063331228058,FALSE,2.02942321528461e-16,1.01471160764231e-15,2.02942321528461e-16,200,FALSE
0.7,1,-10,0.333333333333333,0.0230155052443419,10,0.362904463935969,0.362904463935964,0.362904463935969,0.362904463935969,0.362904463935933,FALSE,9.86614828482305e-14,8.73421809400614e-14,9.86614828482305e-14,200,FALSE
1,1,-10,0.333333333333333,0.0326920704511053,10,0.28413963235218,0.28413963235218,0.28413963235218,0.28413963235218,0.28413963235218,FALSE,9.76828729799544e-16,0,1.95365745959909e-15,200,FALSE
1.5,1,-10,0.333333333333333,0.0485837703548636,10,0.198640616411875,0.198640616412774,0.198640616411875,0.198640616411876,0.198640616411876,FALSE,1.39727595075916e-15,4.52214388703694e-12,1.39727595075916e-15,200,FALSE
3,1,-10,0.333333333333333,0.0946273938050036,10,0.0785733808968744,0.0785733808968745,0.0785733808968744,0.0785733808968744,0.0785733808968745,FALSE,1.41297601293534e-15,3.53244003233835e-16,1.41297601293534e-15,200,FALSE
10,1,-10,0.333333333333333,0.284700655416562,10,0.00175040364575577,0.00175040364575571,0.00175040364575577,0.00175040364575568,0.00175040364575571,FALSE,3.27043849834531e-14,9.91041969195549e-16,3.27043849834531e-14,202,FALSE
0.3,1,-5,0.333333333333333,0.0195417442767467,5,0.549937501859866,0.549937501859866,0.549937501859866,0.549937501859866,0.549937501859866,FALSE,8.07526688665841e-16,4.03763344332921e-16,8.07526688665841e-16,200,FALSE
0.7,1,-5,0.333333333333333,0.0443105561979777,5,0.365155342807081,0.365155342807068,0.365155342807081,0.365155342807081,0.365155342807056,FALSE,6.81052495642766e-14,3.4356666074836e-14,6.81052495642766e-14,200,FALSE
1,1,-5,0.333333333333333,0.0620468872115024,5,0.28520075946267,0.285200759462671,0.285200759462672,0.285200759462671,0.285200759462671,FALSE,7.78555447549901e-16,3.89277723774951e-16,4.28205496152446e-15,200,FALSE
1.5,1,-5,0.333333333333333,0.090230210858185,5,0.197695594608775,0.197695594609654,0.197695594608775,0.197695594608775,0.197695594608775,FALSE,0,4.44393936395032e-12,0,200,FALSE
3,1,-5,0.333333333333333,0.166666666666667,5,0.0746163495085406,0.0746163495085405,0.0746163495085406,0.0746163495085406,0.0746163495085406,FALSE,1.85988565498316e-16,1.30191995848821e-15,1.85988565498316e-16,200,FALSE
10,1,-5,0.333333333333333,0.4372458971633,5,0.00115511450907509,0.00115511450907513,0.00115511450907509,0.00115511450907514,0.00115511450907513,FALSE,3.81075710304737e-14,9.38610123903294e-16,3.81075710304737e-14,201,FALSE
0.3,1,-2,0.333333333333333,0.0441518440112253,2,0.560240029654266,0.560240029654266,0.560240029654266,0.560240029654266,0.560240029654266,FALSE,3.96338342802921e-16,3.96338342802921e-16,3.96338342802921e-16,200,FALSE
0.7,1,-2,0.333333333333333,0.0915322230804945,2,0.369496903013373,0.369496903013334,0.369496903013373,0.369496903013373,0.369496903013395,FALSE,6.17463447460068e-14,1.65858794646208e-13,6.17463447460068e-14,200,FALSE
1,1,-2,0.333333333333333,0.122008467928146,2,0.284375898213166,0.284375898213166,0.284375898213166,0.284375898213166,0.284375898213166,FALSE,5.85610295176778e-16,0,1.95203431725593e-16,200,FALSE
1.5,1,-2,0.333333333333333,0.166666666666667,2,0.190829801166966,0.190829801167765,0.190829801166966,0.190829801166966,0.190829801166966,FALSE,1.45446756459932e-16,4.18741211848144e-12,1.45446756459932e-16,200,FALSE
3,1,-2,0.333333333333333,0.274291885177432,2,0.0642223958615325,0.0642223958615325,0.0642223958615325,0.0642223958615325,0.0642223958615325,FALSE,2.16089537328004e-16,2.16089537328004e-16,2.16089537328004e-16,200,FALSE
10,1,-2,0.333333333333333,0.597095949159307,2,0.000609635884589285,0.000609635884589287,0.000609635884589285,0.000609635884589289,0.000609635884589287,FALSE,3.73472858106681e-15,1.77844218146039e-16,3.73472858106681e-15,201,FALSE
0.3,1,-0.5,0.333333333333333,0.0939901716341642,0.5,0.575839901412397,0.575839901412397,0.575839901412397,0.575839901412397,0.575839901412397,FALSE,0,5.78401924858999e-16,0,200,FALSE
0.7,1,-0.5,0.333333333333333,0.159889777040797,0.5,0.365319840334361,0.365319840334369,0.365319840334361,0.365319840334361,0.365319840334355,FALSE,1.62588847523539e-14,3.93556182323332e-14,1.62588847523539e-14,200,FALSE
1,1,-0.5,0.333333333333333,0.197690110272418,0.5,0.272255999467497,0.272255999467497,0.272255999467497,0.272255999467497,0.272255999467497,FALSE,0,0,4.07786431445637e-16,200,FALSE
1.5,1,-0.5,0.333333333333333,0.25,0.5,0.17383635498343,0.173836354984084,0.17383635498343,0.17383635498343,0.17383635498343,FALSE,3.19329930937342e-16,3.76298390616563e-12,3.19329930937342e-16,200,FALSE
3,1,-0.5,0.333333333333333,0.368702408408171,0.5,0.0519056337977358,0.0519056337977358,0.0519056337977358,0.0519056337977358,0.0519056337977358,FALSE,1.33682866313635e-16,1.33682866313635e-16,1.33682866313635e-16,200,FALSE
10,1,-0.5,0.333333333333333,0.704853036132038,0.5,0.000351328617141906,0.000351328617141907,0.000351328617141906,0.000351328617141906,0.000351328617141907,FALSE,1.23440234536611e-15,6.17201172683055e-16,1.23440234536611e-15,200,FALSE
0.3,1,0.5,0.333333333333333,0.177323504967498,0.5,0.572063781034899,0.572063781034898,0.572063781034899,0.572063781034899,0.572063781034899,FALSE,1.94073294173019e-16,1.94073294173019e-16,1.94073294173019e-16,200,FALSE
0.7,1,0.5,0.333333333333333,0.24322311037413,0.5,0.339744751228099,0.339744751228111,0.339744751228099,0.339744751228098,0.339744751228098,FALSE,3.26781508945159e-16,3.77432642831659e-14,3.26781508945159e-16,200,FALSE
1,1,0.5,0.333333333333333,0.281023443605751,0.5,0.243919872410813,0.243919872410813,0.243919872410813,0.243919872410813,0.243919872410813,FALSE,1.13789726688946e-16,1.13789726688946e-16,1.13789726688946e-16,200,FALSE
1.5,1,0.5,0.333333333333333,0.333333333333333,0.5,0.148415865804463,0.148415865804943,0.148415865804463,0.148415865804463,0.148415865804463,FALSE,0,3.22913942897776e-12,0,200,FALSE
3,1,0.5,0.333333333333333,0.452035741741504,0.5,0.0402231088115696,0.0402231088115696,0.0402231088115696,0.0402231088115696,0.0402231088115695,FALSE,5.17530402964131e-16,5.17530402964131e-16,5.17530402964131e-16,200,FALSE
10,1,0.5,0.333333333333333,0.788186369465371,0.5,0.000214522804981086,0.000214522804981086,0.000214522804981086,0.000214522804981086,0.000214522804981086,FALSE,7.58102738248106e-16,7.58102738248106e-16,7.58102738248106e-16,200,FALSE
0.3,1,2,0.333333333333333,0.377485177344559,2,0.436415494298042,0.436415494298042,0.436415494298042,0.436415494298042,0.436415494298042,FALSE,1.2719793856207e-16,3.81593815686211e-16,1.2719793856207e-16,200,FALSE
0.7,1,2,0.333333333333333,0.424865556413828,2,0.226855715152477,0.226855715152487,0.226855715152477,0.226855715152477,0.226855715152477,FALSE,3.67047075675041e-16,4.35562529801048e-14,3.67047075675041e-16,200,FALSE
1,1,2,0.333333333333333,0.45534180126148,2,0.154037316773764,0.154037316773764,0.154037316773764,0.154037316773764,0.154037316773764,FALSE,1.80187348085229e-16,1.80187348085229e-16,1.80187348085229e-16,200,FALSE
1.5,1,2,0.333333333333333,0.5,2,0.0878683152057931,0.0878683152059727,0.0878683152057931,0.0878683152057931,0.0878683152057931,FALSE,1.57938476176672e-16,2.04340800477378e-12,1.57938476176672e-16,200,FALSE
3,1,2,0.333333333333333,0.607625218510765,2,0.0210205303931407,0.0210205303931407,0.0210205303931407,0.0210205303931407,0.0210205303931407,FALSE,3.30100800223933e-16,3.30100800223933e-16,3.30100800223933e-16,200,FALSE
10,1,2,0.333333333333333,0.93042928249264,2,8.07108436846977e-05,8.07108436846977e-05,8.07108436846977e-05,8.07108436846977e-05,8.07108436846977e-05,FALSE,0,0,0,201,FALSE
0.3,1,5,0.333333333333333,0.85287507761008,5,0.028909133085472,0.028909133085472,0.028909133085472,0.028909133085472,0.028909133085472,FALSE,2.16021853545476e-15,1.68016997202037e-15,2.16021853545476e-15,200,FALSE
0.7,1,5,0.333333333333333,0.877643889531311,5,0.0162801624778819,0.0162801624775513,0.0162801624778819,0.0162801624778819,0.0162801624778819,FALSE,8.52435461050755e-16,2.0309061750669e-11,8.52435461050755e-16,203,FALSE
1,1,5,0.333333333333333,0.895380220544836,5,0.0114246508997108,0.0114246508997108,0.0114246508997108,0.0114246508997108,0.0114246508997108,FALSE,1.36656353186131e-15,4.55521177287102e-16,4.55521177287102e-16,203,FALSE
1.5,1,5,0.333333333333333,0.923563544191518,5,0.00664689233923045,0.00664689233923186,0.00664689233923045,0.00664689233923045,0.00664689233923044,FALSE,9.1343922182765e-16,2.12309373416227e-13,9.1343922182765e-16,203,FALSE
3,1,5,0.333333333333333,1,5,0.00152875711992156,0.00152875711992156,0.00152875711992156,0.00152875711992156,0.00152875711992156,FALSE,8.51045983713463e-16,1.70209196742693e-15,8.51045983713463e-16,204,FALSE
10,1,5,0.333333333333333,1.27057923049663,5,3.91029896155503e-06,3.91029896155503e-06,3.91029896155503e-06,3.91029896155503e-06,3.91029896155502e-06,FALSE,3.89908628482828e-15,3.89908628482828e-15,3.89908628482828e-15,205,FALSE
0.3,1,10,0.333333333333333,1.6766073760449,10,2.94962923850441e-06,2.94962923850447e-06,2.94962923850441e-06,2.9496292385044e-06,2.94962923850443e-06,FALSE,6.74839874809783e-15,1.46454611128932e-14,6.74839874809783e-15,215,FALSE
0.7,1,10,0.333333333333333,1.68968217191101,10,2.01872716218435e-06,2.01872716218434e-06,2.01872716218435e-06,2.01872716218434e-06,2.01872716218436e-06,FALSE,5.24484538525857e-15,1.06994845859275e-14,5.24484538525857e-15,215,FALSE
1,1,10,0.333333333333333,1.69935873711777,10,1.52212319314864e-06,1.52212319314863e-06,1.52212319314863e-06,1.52212319314863e-06,1.52212319314863e-06,FALSE,4.31272933148179e-15,1.11296240812433e-15,2.78240602031083e-15,215,FALSE
1.5,1,10,0.333333333333333,1.71525043702153,10,9.54132217907091e-07,9.54132217944219e-07,9.54132217907091e-07,9.54132217907086e-07,9.54132217907097e-07,FALSE,6.21426519249707e-15,3.89066266180538e-11,6.21426519249707e-15,215,FALSE
3,1,10,0.333333333333333,1.76129406047167,10,2.40437281778303e-07,2.40437281778301e-07,2.40437281778303e-07,2.40437281778301e-07,2.40437281778305e-07,FALSE,1.03484753452408e-14,1.56328031811085e-14,1.03484753452408e-14,216,FALSE
10,1,10,0.333333333333333,1.95136732208323,10,5.21404830269794e-10,5.21404830269794e-10,5.21404830269794e-10,5.21404830269793e-10,5.21404830269792e-10,FALSE,4.16442077613314e-15,4.16442077613314e-15,4.16442077613314e-15,218,FALSE
0.3,1,15,0.333333333333333,2.50664898307629,15,1.81294144178719e-12,1.81294144178719e-12,1.81294144178719e-12,1.81294144178719e-12,1.8129414417872e-12,FALSE,2.45063878832455e-15,6.0152042986148e-15,2.45063878832455e-15,236,FALSE
0.7,1,15,0.333333333333333,2.51545995151521,15,1.26158932174005e-12,1.26158932174005e-12,1.26158932174005e-12,1.26158932174005e-12,1.26158932174004e-12,FALSE,1.24858179155539e-14,8.96417696501302e-15,1.24858179155539e-14,236,FALSE
1,1,15,0.333333333333333,2.52202812687281,15,9.61783376845392e-13,9.61783376845398e-13,9.61783376845388e-13,9.61783376845394e-13,9.61783376845397e-13,FALSE,5.6692668101334e-15,1.46980991373829e-15,9.23880517206924e-15,236,FALSE
1.5,1,15,0.333333333333333,2.53290035986172,15,6.12568404660451e-13,6.12568404660451e-13,6.12568404660451e-13,6.1256840466045e-13,6.12568404660442e-13,FALSE,1.56595549729745e-14,1.56595549729745e-14,1.56595549729745e-14,236,FALSE
3,1,15,0.333333333333333,2.56497781983829,15,1.59511137519083e-13,1.59511137519084e-13,1.59511137519083e-13,1.59511137519083e-13,1.59511137519086e-13,FALSE,1.93071971141472e-14,1.21856899818798e-14,1.93071971141472e-14,237,FALSE
10,1,15,0.333333333333333,2.70535409971441,15,3.40521535653617e-16,3.40521535653614e-16,3.40521535653617e-16,3.40521535653616e-16,3.4052153565362e-16,FALSE,8.10818958329279e-15,1.5202855468674e-14,8.10818958329279e-15,239,FALSE
0.3,1,18,0.333333333333333,3.00554530541816,18,2.5201428756625e-17,2.52014287566252e-17,2.5201428756625e-17,2.52014287566253e-17,2.52014287566241e-17,FALSE,3.69268487955591e-14,4.40187601536466e-14,3.69268487955591e-14,252,FALSE
0.7,1,18,0.333333333333333,3.0129074290547,18,1.76032589060665e-17,1.76032589060665e-17,1.76032589060665e-17,1.76032589060666e-17,1.76032589060661e-17,FALSE,2.24066722369563e-14,2.24066722369563e-14,2.24066722369563e-14,252,FALSE
1,1,18,0.333333333333333,3.01840559652405,18,1.34549065758261e-17,1.34549065758262e-17,1.34549065758259e-17,1.34549065758263e-17,1.34549065758262e-17,FALSE,4.46595551788081e-15,2.63376863875022e-15,1.86654038311429e-14,252,FALSE
1.5,1,18,0.333333333333333,3.02752523165195,18,8.60324643645193e-18,8.60324643645199e-18,8.60324643645193e-18,8.60324643645198e-18,8.60324643645186e-18,FALSE,7.87990144687633e-15,1.50434482167639e-14,7.87990144687633e-15,253,FALSE
3,1,18,0.333333333333333,3.0545631755148,18,2.26046743185378e-18,2.2604674318538e-18,2.26046743185378e-18,2.2604674318538e-18,2.2604674318537e-18,FALSE,3.71474255244737e-14,4.4133867939627e-14,3.71474255244737e-14,253,FALSE
10,1,18,0.333333333333333,3.17497927018681,18,4.82835596594304e-21,4.82835596594311e-21,4.82835596594304e-21,4.8283559659431e-21,4.82835596594306e-21,FALSE,3.89530302774251e-15,1.02835999932402e-14,3.89530302774251e-15,255,FALSE
0.3,1,20,0.333333333333333,3.33832585574931,20,4.87631501352769e-21,4.87631501352776e-21,4.87631501352769e-21,4.87631501352776e-21,4.87631501352766e-21,FALSE,7.55970496974085e-15,2.17534367496624e-14,7.55970496974085e-15,265,FALSE
0.7,1,20,0.333333333333333,3.34495945002321,20,3.41156518818626e-21,3.41156518818629e-21,3.41156518818626e-21,3.41156518818628e-21,3.41156518818609e-21,FALSE,5.02784282903263e-14,5.73350498047581e-14,5.02784282903263e-14,265,FALSE
1,1,20,0.333333333333333,3.34991748972701,20,2.61050855263825e-21,2.61050855263829e-21,2.61050855263821e-21,2.61050855263828e-21,2.61050855263827e-21,FALSE,8.9338178558137e-15,5.33147194621141e-15,2.30550138214547e-14,265,FALSE
1.5,1,20,0.333333333333333,3.35814859418204,20,1.67203578867972e-21,1.67203578867973e-21,1.67203578867972e-21,1.67203578867973e-21,1.67203578867966e-21,FALSE,3.6895109511901e-14,4.40941552703207e-14,3.6895109511901e-14,265,FALSE
3,1,20,0.333333333333333,3.38260502349783,20,4.41083011177481e-22,4.41083011177484e-22,4.41083011177481e-22,4.41083011177486e-22,4.41083011177489e-22,FALSE,1.85485282234798e-14,1.15128795869875e-14,1.85485282234798e-14,266,FALSE
10,1,20,0.333333333333333,3.49240852501722,20,9.43203350472297e-25,9.43203350472311e-25,9.43203350472297e-25,9.4320335047231e-25,9.4320335047228e-25,FALSE,1.88889132398962e-14,3.31042809359006e-14,1.88889132398962e-14,268,FALSE
0.3,1,22,0.333333333333333,3.6712065002787,22,3.91875290731712e-25,3.91875290731715e-25,3.91875290731712e-25,3.91875290731716e-25,3.91875290731729e-25,FALSE,4.34716986250852e-14,3.64412352355835e-14,4.34716986250852e-14,279,FALSE
0.7,1,22,0.333333333333333,3.67724222479191,22,2.74485395063704e-25,2.74485395063696e-25,2.74485395063704e-25,2.74485395063696e-25,2.74485395063698e-25,FALSE,2.09108339208447e-14,7.5279002115041e-15,2.09108339208447e-14,279,FALSE
1,1,22,0.333333333333333,3.68175608440157,22,2.10207168463706e-25,2.10207168463706e-25,2.10207168463706e-25,2.10207168463707e-25,2.10207168463705e-25,FALSE,1.09220224064157e-15,1.09220224064157e-15,1.09220224064157e-15,279,FALSE
1.5,1,22,0.333333333333333,3.68925478761001,22,1.34808049983949e-25,1.34808049983949e-25,1.34808049983949e-25,1.34808049983949e-25,1.34808049983957e-25,FALSE,5.3817292048544e-14,5.3817292048544e-14,5.3817292048544e-14,279,FALSE
3,1,22,0.333333333333333,3.71157127826411,22,3.56696763590792e-26,3.56696763590792e-26,3.56696763590792e-26,3.56696763590792e-26,3.56696763590795e-26,FALSE,7.56291610970649e-15,7.56291610970649e-15,7.56291610970649e-15,280,FALSE
10,1,22,0.333333333333333,3.81239034783965,22,7.63687798773087e-29,7.63687798773087e-29,7.63687798773087e-29,7.63687798773088e-29,7.63687798773091e-29,FALSE,5.57812674026127e-15,5.57812674026127e-15,5.57812674026127e-15,282,FALSE
0.3,1,25,0.333333333333333,4.17066283402182,25,5.41438267499318e-32,5.41438267499334e-32,5.41438267499318e-32,5.41438267499336e-32,5.41438267499385e-32,FALSE,1.2273273723302e-13,9.422315576703e-14,1.2273273723302e-13,305,FALSE
0.7,1,25,0.333333333333333,4.17597918647396,25,3.79720441095898e-32,3.79720441095903e-32,3.79720441095898e-32,3.79720441095906e-32,3.7972044109586e-32,FALSE,9.96104154502677e-14,1.13881661658048e-13,9.96104154502677e-14,305,FALSE
1,1,25,0.333333333333333,4.17995760423485,25,2.91054695481721e-32,2.91054695481734e-32,2.91054695481729e-32,2.91054695481731e-32,2.91054695481734e-32,FALSE,4.58887150608917e-14,3.19716457391459e-15,1.74903709043563e-14,305,FALSE
1.5,1,25,0.333333333333333,4.18657157735399,25,1.86910091464888e-32,1.86910091464893e-32,1.86910091464888e-32,1.86910091464894e-32,1.86910091464872e-32,FALSE,8.53682718413972e-14,1.13775552694281e-13,8.53682718413972e-14,305,FALSE
3,1,25,0.333333333333333,4.20628986714283,25,4.96184467520022e-33,4.96184467520036e-33,4.96184467520022e-33,4.9618446752004e-33,4.96184467520084e-33,FALSE,1.25073359645343e-13,9.66664003433139e-14,1.25073359645343e-13,306,FALSE
10,1,25,0.333333333333333,4.29598634122529,25,1.06417894249248e-35,1.06417894249251e-35,1.06417894249248e-35,1.06417894249251e-35,1.06417894249247e-35,FALSE,1.15532427635036e-14,4.00596134951919e-14,1.15532427635036e-14,310,FALSE
0.3,1,50,0.333333333333333,8.33533285356359,50,8.99930046918489e-123,8.99930046918386e-123,8.99930046918489e-123,8.99930046918459e-123,8.99930046917871e-123,FALSE,6.85873817500833e-13,5.72108939630647e-13,6.85873817500833e-13,782,FALSE
0.7,1,50,0.333333333333333,8.33799738958951,50,6.33151428830307e-123,6.33151428830271e-123,6.33151428830307e-123,6.33151428830336e-123,6.3315142883053e-123,FALSE,3.52047107689205e-13,4.08917888195961e-13,3.52047107689205e-13,782,FALSE
1,1,50,0.333333333333333,8.33999467518297,50,4.86405541535686e-123,4.86405541535658e-123,4.86405541535686e-123,4.86405541535695e-123,4.86405541535698e-123,FALSE,2.5827066610894e-14,8.27294807482648e-14,2.5827066610894e-14,782,FALSE
1.5,1,50,0.333333333333333,8.34332136204722,50,3.1345988988538e-123,3.13459889885362e-123,3.1345988988538e-123,3.13459889885391e-123,3.13459889885376e-123,FALSE,1.13586281750833e-14,4.56488264394859e-14,1.13586281750833e-14,782,FALSE
3,1,50,0.333333333333333,8.35328556236016,50,8.39403724439974e-124,8.39403724439974e-124,8.39403724439974e-124,8.3940372443998e-124,8.39403724440215e-124,FALSE,2.87513257491552e-13,2.87513257491552e-13,2.87513257491552e-13,783,FALSE
10,1,50,0.333333333333333,8.39947503306676,50,1.81265149954871e-126,1.81265149954851e-126,1.81265149954871e-126,1.81265149954867e-126,1.81265149954805e-126,FALSE,3.6554352266892e-13,2.51899298789672e-13,3.6554352266892e-13,786,FALSE
0.3,1,100,0.333333333333333,16.6676666066739,100,0,0,0,0,0,FALSE,0,0,0,2271,FALSE
0.7,1,100,0.333333333333333,16.6689996734248,100,0,0,0,0,0,FALSE,0,0,0,2271,FALSE
1,1,100,0.333333333333333,16.6699993335999,100,0,0,0,0,0,FALSE,0,0,0,2271,FALSE
1.5,1,100,0.333333333333333,16.671665167566,100,0,0,0,0,0,FALSE,0,0,0,2271,FALSE
3,1,100,0.333333333333333,16.6766606738559,100,0,0,0,0,0,FALSE,0,0,0,2270,FALSE
10,1,100,0.333333333333333,16.6999335986741,100,0,0,0,0,0,FALSE,0,0,0,2266,FALSE
0.3,1,-100,1,0.00299982002159638,100,0.726974591010908,0.726974591010908,0.726974591010908,0.726974591010908,0.726974591010908,FALSE,6.10873083242877e-16,1.52718270810719e-16,6.10873083242877e-16,200,FALSE
0.7,1,-100,1,0.00699902027430355,100,0.656618839336608,0.656618839336549,0.656618839336608,0.656618839336608,0.656618839336564,FALSE,6.780180619315e-14,2.19806354242132e-14,6.780180619315e-14,200,FALSE
1,1,-100,1,0.00999800079960167,100,0.632157308195644,0.632157308195645,0.632157308195703,0.632157308195645,0.632157308195645,FALSE,7.02497944882767e-16,1.75624486220692e-16,9.20272307796425e-14,200,FALSE
1.5,1,-100,1,0.0149955026979782,100,0.608421012025738,0.608421012026644,0.608421012025738,0.608421012025738,0.608421012025738,FALSE,1.45980891873365e-15,1.48809271653411e-12,1.45980891873365e-15,200,FALSE
3,1,-100,1,0.0299820215676547,100,0.57687696050156,0.576876960501593,0.57687696050156,0.576876960501589,0.576876960501593,FALSE,5.69663962664251e-14,0,5.69663962664251e-14,202,FALSE
10,1,-100,1,0.0998007960222651,100,NA,0.542194427563544,0.542194427563544,0.542194435411947,0.542194427563542,TRUE,NA,4.50482433976897e-15,4.50482433976897e-15,209,FALSE
0.3,1,-50,1,0.00599856069078619,50,0.727026224641105,0.727026224641105,0.727026224641105,0.727026224641105,0.727026224641104,FALSE,9.16244548267747e-16,3.05414849422582e-16,9.16244548267747e-16,200,FALSE
0.7,1,-50,1,0.0139921687685263,50,0.656707883107905,0.656707883107847,0.656707883107905,0.656707883107905,0.656707883107856,FALSE,7.38787327274265e-14,1.48771818764612e-14,7.38787327274265e-14,200,FALSE
1,1,-50,1,0.019984025548915,50,0.632267095768866,0.632267095768867,0.632267095768855,0.632267095768866,0.632267095768866,FALSE,3.51187981172759e-16,7.02375962345517e-16,1.82617750209834e-14,200,FALSE
1.5,1,-50,1,0.0299640861416677,50,0.608558792526319,0.608558792527225,0.608558792526319,0.608558792526319,0.608558792526319,FALSE,1.09460880847644e-15,1.48848554472654e-12,1.09460880847644e-15,200,FALSE
3,1,-50,1,0.0598566870804706,50,0.577076057095639,0.577076057095627,0.577076057095639,0.577076057095624,0.577076057095627,FALSE,2.11626407311732e-14,1.92387643010665e-16,2.11626407311732e-14,202,FALSE
10,1,-50,1,0.198425099200294,50,NA,0.542555602657679,0.542555602657679,0.542555605317734,0.542555602657681,TRUE,NA,2.45554118881852e-15,2.45554118881852e-15,209,FALSE
0.3,1,-25,1,0.0119885020654582,25,0.727231155965293,0.727231155965293,0.727231155965293,0.727231155965293,0.727231155965293,FALSE,1.52664392266239e-16,3.05328784532477e-16,1.52664392266239e-16,200,FALSE
0.7,1,-25,1,0.0279375594218836,25,0.65705973115284,0.657059731152781,0.65705973115284,0.65705973115284,0.657059731152784,FALSE,8.56669564116187e-14,4.22420889603643e-15,8.56669564116187e-14,200,FALSE
1,1,-25,1,0.0398728127045622,25,0.632699478425989,0.632699478425989,0.632699478426,0.632699478425989,0.632699478425989,FALSE,7.01895963238115e-16,1.75473990809529e-16,1.77228730717624e-14,200,FALSE
1.5,1,-25,1,0.0597147320619813,25,0.609098453486308,0.609098453487215,0.609098453486308,0.609098453486307,0.609098453486307,FALSE,5.46819492778493e-16,1.49081221047843e-12,5.46819492778493e-16,200,FALSE
3,1,-25,1,0.118869601428498,25,0.577843317038937,0.577843317038923,0.577843317038937,0.577843317038912,0.577843317038923,FALSE,2.47850526178186e-14,0,2.47850526178186e-14,202,FALSE
10,1,-25,1,0.387959023675877,25,NA,0.54385086306147,0.54385086306147,0.543850864234755,0.543850863061471,TRUE,NA,1.42898755894733e-15,1.42898755894733e-15,209,FALSE
0.3,1,-22,1,0.0136195008360884,22,0.727310076505085,0.727310076505085,0.727310076505085,0.727310076505085,0.727310076505085,FALSE,1.52647826627134e-16,1.52647826627134e-16,1.52647826627134e-16,200,FALSE
0.7,1,-22,1,0.031726674375733,22,0.657194571105127,0.657194571105068,0.657194571105127,0.657194571105127,0.657194571105069,FALSE,8.8014451314941e-14,2.0272042529353e-15,8.8014451314941e-14,200,FALSE
1,1,-22,1,0.0452682532047088,22,0.632864580881139,0.63286458088114,0.632864580881143,0.63286458088114,0.63286458088114,FALSE,1.40342570358972e-15,5.26284638846144e-16,5.43827460141016e-15,200,FALSE
1.5,1,-22,1,0.0677643628300215,22,0.609303284500976,0.609303284501887,0.609303284500976,0.609303284500978,0.609303284500978,FALSE,3.09760211354931e-15,1.49158652361851e-12,3.09760211354931e-15,200,FALSE
3,1,-22,1,0.134713834792322,22,0.578129425120626,0.578129425120591,0.578129425120626,0.578129425120589,0.578129425120592,FALSE,6.02996517016208e-14,1.92037107330002e-16,6.02996517016208e-14,202,FALSE
10,1,-22,1,0.437171043518958,22,NA,0.544298252123212,0.544298252123212,0.544298256254825,0.544298252123212,TRUE,NA,1.22383970952804e-15,1.22383970952804e-15,209,FALSE
0.3,1,-20,1,0.0149775672479331,20,0.727383203056985,0.727383203056985,0.727383203056985,0.727383203056985,0.727383203056985,FALSE,3.05264960741245e-16,3.05264960741245e-16,3.05264960741245e-16,200,FALSE
0.7,1,-20,1,0.0348783500696417,20,0.657319187768886,0.657319187768826,0.657319187768886,0.657319187768886,0.657319187768826,FALSE,9.03623885057426e-14,1.01340996455038e-15,9.03623885057426e-14,200,FALSE
1,1,-20,1,0.0497524691810387,20,0.633016872008588,0.633016872008588,0.63301687200859,0.633016872008589,0.633016872008589,FALSE,5.26158025347274e-16,1.75386008449091e-16,2.98156214363455e-15,200,FALSE
1.5,1,-20,1,0.0744457825461096,20,0.609491623320143,0.609491623321054,0.609491623320143,0.609491623320144,0.609491623320144,FALSE,2.36802258930242e-15,1.49276500917949e-12,2.36802258930242e-15,200,FALSE
3,1,-20,1,0.1478150704935,20,0.57839008101926,0.578390081019256,0.57839008101926,0.57839008101926,0.578390081019256,FALSE,6.91022031637762e-15,1.15170338606294e-15,6.91022031637762e-15,202,FALSE
10,1,-20,1,0.477225575051661,20,NA,0.54469060872307,0.54469060872307,0.544690608584439,0.544690608723071,TRUE,NA,6.11479070969045e-16,6.11479070969045e-16,209,FALSE
0.3,1,-18,1,0.0166359162544856,18,0.727481527847844,0.727481527847842,0.727481527847844,0.727481527847843,0.727481527847843,FALSE,1.06828295632017e-15,9.1567110541729e-16,1.06828295632017e-15,200,FALSE
0.7,1,-18,1,0.0387222871640871,18,0.657486257557273,0.657486257557212,0.657486257557273,0.657486257557272,0.657486257557212,FALSE,9.2534590723616e-14,1.6885874219638e-16,9.2534590723616e-14,200,FALSE
1,1,-18,1,0.0552167895721496,18,0.633220604190475,0.633220604190475,0.633220604190474,0.633220604190475,0.633220604190475,FALSE,8.76647899071835e-16,0,1.75329579814367e-15,200,FALSE
1.5,1,-18,1,0.0825756949558398,18,0.609742689069562,0.609742689070474,0.609742689069562,0.609742689069562,0.609742689069562,FALSE,3.64161159953981e-16,1.49469948103111e-12,3.64161159953981e-16,200,FALSE
3,1,-18,1,0.163689526544408,18,0.578734014328422,0.578734014328412,0.578734014328422,0.578734014328414,0.578734014328412,FALSE,1.63061017249259e-14,3.83672981762963e-16,1.63061017249259e-14,202,FALSE
10,1,-18,1,0.524937810560445,18,NA,0.545187488970843,0.545187488970843,0.545187490697183,0.545187488970842,TRUE,NA,2.44368709205915e-15,2.44368709205915e-15,208,FALSE
0.3,1,-15,1,0.0199469492288618,15,0.727707017377814,0.727707017377813,0.727707017377814,0.727707017377814,0.727707017377813,FALSE,1.52564562126346e-16,4.57693686379039e-16,1.52564562126346e-16,200,FALSE
0.7,1,-15,1,0.0463798545456431,15,0.65786731077851,0.657867310778449,0.65786731077851,0.65786731077851,0.657867310778448,FALSE,9.51811673310919e-14,2.70017495974729e-15,9.51811673310919e-14,200,FALSE
1,1,-15,1,0.0660843806184368,15,0.633683408635679,0.633683408635678,0.63368340863568,0.633683408635678,0.633683408635679,FALSE,0,5.25604588740363e-16,1.92721682538133e-15,200,FALSE
1.5,1,-15,1,0.098701079585163,15,0.610309277681004,0.610309277681918,0.610309277681004,0.610309277681004,0.610309277681004,FALSE,3.63823086171548e-16,1.49749582268209e-12,3.63823086171548e-16,200,FALSE
3,1,-15,1,0.194933459514875,15,0.579495739476809,0.579495739476823,0.579495739476809,0.579495739476823,0.579495739476823,FALSE,2.49059627826725e-14,0,2.49059627826725e-14,202,FALSE
10,1,-15,1,0.616062299143245,15,NA,0.546211249748897,0.546211249748897,0.546211248208195,0.546211249748898,TRUE,NA,6.09776725654521e-16,6.09776725654521e-16,208,FALSE
0.3,1,-10,1,0.0298221281347035,10,0.728599050659887,0.728599050659887,0.728599050659887,0.728599050659887,0.728599050659887,FALSE,3.04755550702306e-16,0,3.04755550702306e-16,200,FALSE
0.7,1,-10,1,0.0690465157330258,10,0.659347099194153,0.659347099194088,0.659347099194153,0.659347099194153,0.659347099194088,FALSE,9.90087223068874e-14,0,9.90087223068874e-14,200,FALSE
1,1,-10,1,0.098076211353316,10,0.635456668742152,0.635456668742152,0.635456668742154,0.635456668742153,0.635456668742153,FALSE,6.98850498695859e-16,1.74712624673965e-16,2.09655149608758e-15,200,FALSE
1.5,1,-10,1,0.145751311064591,10,0.612433767991876,0.612433767992801,0.612433767991876,0.612433767991877,0.612433767991876,FALSE,5.43841513637708e-16,1.50934148084919e-12,5.43841513637708e-16,200,FALSE
3,1,-10,1,0.283882181415011,10,0.582186883371536,0.582186883371555,0.582186883371536,0.582186883371549,0.582186883371554,FALSE,3.07024964096578e-14,5.7209620639114e-16,3.07024964096578e-14,202,FALSE
10,1,-10,1,0.854101966249685,10,0.549161622112471,0.549161622333743,0.549161622112471,0.549161622594373,0.549161622333742,FALSE,4.02925908533734e-10,1.61733519528492e-15,4.02925908533734e-10,208,FALSE
0.3,1,-5,1,0.0586252328302401,5,0.732743179987261,0.73274317998726,0.732743179987261,0.732743179987261,0.73274317998726,FALSE,9.09095891942216e-16,7.57579909951847e-16,9.09095891942216e-16,200,FALSE
0.7,1,-5,1,0.132931668593933,5,0.665706411682238,0.665706411682156,0.665706411682238,0.665706411682238,0.665706411682192,FALSE,6.83772053428294e-14,5.48685379458314e-14,6.83772053428294e-14,200,FALSE
1,1,-5,1,0.186140661634507,5,0.642679954619532,0.642679954619533,0.642679954619533,0.642679954619533,0.642679954619533,FALSE,1.03649384112104e-15,1.72748973520173e-16,1.72748973520173e-16,200,FALSE
1.5,1,-5,1,0.270690632574555,5,0.620411784208158,0.620411784209126,0.620411784208158,0.620411784208157,0.620411784208157,FALSE,1.07369626388592e-15,1.56169121582207e-12,1.07369626388592e-15,200,FALSE
3,1,-5,1,0.5,5,0.590466848444515,0.590466848444518,0.590466848444515,0.590466848444517,0.590466848444518,FALSE,4.13654155285714e-15,1.88024616038961e-16,4.13654155285714e-15,201,FALSE
10,1,-5,1,1.3117376914899,5,0.554606858778857,0.55460685877809,0.554606858778857,0.554606858775391,0.55460685877809,FALSE,1.3834577055338e-12,2.00181986041644e-16,1.3834577055338e-12,206,FALSE
0.3,1,-2,1,0.132455532033676,2,0.748264224351684,0.748264224351684,0.748264224351684,0.748264224351684,0.748264224351684,FALSE,1.48373126563292e-16,0,1.48373126563292e-16,200,FALSE
0.7,1,-2,1,0.274596669241483,2,0.684107618870033,0.684107618869926,0.684107618870033,0.684107618870033,0.684107618870075,FALSE,6.1344778472349e-14,2.18926206770367e-13,6.1344778472349e-14,200,FALSE
1,1,-2,1,0.366025403784439,2,0.660660599516928,0.660660599516928,0.660660599516928,0.660660599516928,0.660660599516928,FALSE,0,0,0,200,FALSE
1.5,1,-2,1,0.5,2,0.636666629816385,0.636666629817492,0.636666629816385,0.636666629816385,0.636666629816385,FALSE,8.71902949386044e-16,1.73892324225553e-12,8.71902949386044e-16,200,FALSE
3,1,-2,1,0.822875655532295,2,0.601816561922522,0.601816561922522,0.601816561922522,0.601816561922522,0.601816561922522,FALSE,9.22393213206457e-16,3.68957285282583e-16,9.22393213206457e-16,201,FALSE
10,1,-2,1,1.79128784747792,2,0.558312959056778,0.558312959056751,0.558312959056778,0.558312959056744,0.558312959056751,FALSE,4.81224674442812e-14,3.9770634251472e-16,4.81224674442812e-14,203,FALSE
0.3,1,-0.5,1,0.281970514902493,0.5,0.77740763343917,0.777407633439171,0.77740763343917,0.777407633439171,0.77740763343917,FALSE,4.28432772024753e-16,1.42810924008251e-16,4.28432772024753e-16,200,FALSE
0.7,1,-0.5,1,0.479669331122391,0.5,0.705895062305128,0.705895062305139,0.705895062305128,0.705895062305128,0.705895062305116,FALSE,1.66715489163457e-14,3.17703101990739e-14,1.66715489163457e-14,200,FALSE
1,1,-0.5,1,0.593070330817254,0.5,0.677823145090477,0.677823145090477,0.677823145090478,0.677823145090477,0.677823145090477,FALSE,3.27584867134321e-16,0,3.27584867134321e-16,200,FALSE
1.5,1,-0.5,1,0.75,0.5,0.648735399464032,0.648735399465308,0.648735399464032,0.648735399464032,0.648735399464032,FALSE,5.13409485073141e-16,1.96772741979033e-12,5.13409485073141e-16,200,FALSE
3,1,-0.5,1,1.10610722522451,0.5,0.607389375383678,0.607389375383678,0.607389375383678,0.607389375383677,0.607389375383678,FALSE,0,3.65572092506178e-16,0,200,FALSE
10,1,-0.5,1,2.11455910839611,0.5,0.559378385857227,0.559378385857227,0.559378385857227,0.559378385857227,0.559378385857227,FALSE,7.93897692649515e-16,1.98474423162379e-16,7.93897692649515e-16,200,FALSE
0.3,1,0.5,1,0.531970514902493,0.5,0.801952734482491,0.801952734482491,0.801952734482491,0.801952734482491,0.801952734482491,FALSE,2.76879914959476e-16,1.38439957479738e-16,2.76879914959476e-16,200,FALSE
0.7,1,0.5,1,0.729669331122391,0.5,0.717635616899484,0.717635616899542,0.717635616899484,0.717635616899484,0.717635616899484,FALSE,3.09411349849616e-16,8.1375185010449e-14,3.09411349849616e-16,200,FALSE
1,1,0.5,1,0.843070330817254,0.5,0.6853297823065,0.6853297823065,0.6853297823065,0.6853297823065,0.6853297823065,FALSE,1.61998362436354e-16,1.61998362436354e-16,1.61998362436354e-16,200,FALSE
1.5,1,0.5,1,1,0.5,0.652858096958939,0.652858096960215,0.652858096958939,0.652858096958939,0.652858096958939,FALSE,3.40111589270825e-16,1.9549614151287e-12,3.40111589270825e-16,200,FALSE
3,1,0.5,1,1.35610722522451,0.5,0.608634047434008,0.608634047434008,0.608634047434008,0.608634047434008,0.608634047434008,FALSE,0,1.8241224415654e-16,0,200,FALSE
10,1,0.5,1,2.36455910839611,0.5,0.559499559245628,0.559499559245628,0.559499559245628,0.559499559245628,0.559499559245628,FALSE,5.9529431593587e-16,5.9529431593587e-16,5.9529431593587e-16,200,FALSE
0.3,1,2,1,1.13245553203368,2,0.780128161970387,0.780128161970387,0.780128161970387,0.780128161970387,0.780128161970387,FALSE,2.8462580348876e-16,1.4231290174438e-16,2.8462580348876e-16,200,FALSE
0.7,1,2,1,1.27459666924148,2,0.700462938876516,0.700462939025373,0.700462938876516,0.700462938876516,0.700462938876516,FALSE,3.16996935314197e-16,2.12512209459155e-10,3.16996935314197e-16,200,FALSE
1,1,2,1,1.36602540378444,2,0.671834514326088,0.671834514326088,0.671834514326088,0.671834514326088,0.671834514326088,FALSE,0,1.65252454429022e-16,0,201,FALSE
1.5,1,2,1,1.5,2,0.643426587193069,0.643426587193742,0.643426587193069,0.643426587193069,0.643426587193069,FALSE,5.17645546542524e-16,1.04650674659347e-12,5.17645546542524e-16,201,FALSE
3,1,2,1,1.8228756555323,2,0.604259084377225,0.604259084377225,0.604259084377225,0.604259084377225,0.604259084377225,FALSE,0,1.83732947228985e-16,0,202,FALSE
10,1,2,1,2.79128784747792,2,0.558607171902303,0.558607171902303,0.558607171902303,0.558607171902303,0.558607171902303,FALSE,3.97496874536845e-16,5.96245311805267e-16,3.97496874536845e-16,204,FALSE
0.3,1,5,1,2.55862523283024,5,0.619772484823305,0.619772484835517,0.619772484823305,0.619772484823305,0.619772484823304,FALSE,1.61220568294107e-15,1.97068857324126e-11,1.61220568294107e-15,209,FALSE
0.7,1,5,1,2.63293166859393,5,0.60938001449168,0.609380014491681,0.60938001449168,0.609380014491681,0.60938001449168,FALSE,9.10944729251795e-16,1.82188945850359e-15,9.10944729251795e-16,209,FALSE
1,1,5,1,2.68614066163451,5,0.603737589547719,0.60373758954772,0.60373758954772,0.60373758954772,0.60373758954772,FALSE,1.83891651579432e-15,0,0,210,FALSE
1.5,1,5,1,2.77069063257455,5,0.596258478228247,0.596258478228253,0.596258478228247,0.596258478228247,0.596258478228246,FALSE,1.67578451065672e-15,1.22890864114826e-14,1.67578451065672e-15,210,FALSE
3,1,5,1,3,5,0.581237926164073,0.581237926164073,0.581237926164073,0.581237926164073,0.581237926164073,FALSE,7.64040317845165e-16,7.64040317845165e-16,7.64040317845165e-16,212,FALSE
10,1,5,1,3.8117376914899,5,0.553417132142102,0.5534171321421,0.553417132142102,0.553417132142102,0.553417132142099,FALSE,4.81469601200602e-15,1.40428633683509e-15,4.81469601200602e-15,216,FALSE
0.3,1,10,1,5.0298221281347,10,0.556868038936976,0.556868038936968,0.556868038936976,0.55686803893697,0.556868038936975,FALSE,9.96845704006015e-16,1.33577324336806e-14,9.96845704006015e-16,244,FALSE
0.7,1,10,1,5.06904651573303,10,0.555870956572266,0.555870956572256,0.555870956572266,0.555870956572257,0.555870956572262,FALSE,7.190163186968e-15,1.05855180252584e-14,7.190163186968e-15,245,FALSE
1,1,10,1,5.09807621135332,10,0.555156670792628,0.555156670792621,0.555156670792621,0.555156670792621,0.555156670792621,FALSE,1.33989099948458e-14,7.99934925065419e-16,0,245,FALSE
1.5,1,10,1,5.14575131106459,10,0.554024757562838,0.554024757562832,0.554024757562838,0.554024757562832,0.554024757562838,FALSE,6.01176938107807e-16,1.02200079478327e-14,6.01176938107807e-16,245,FALSE
3,1,10,1,5.28388218141501,10,0.551005667364119,0.551005667364111,0.551005667364119,0.551005667364112,0.55100566736412,FALSE,3.42533526177968e-15,1.77311472374477e-14,3.42533526177968e-15,247,FALSE
10,1,10,1,5.85410196624968,10,0.54153751126483,0.541537511264827,0.54153751126483,0.541537511264825,0.541537511264824,FALSE,1.14807355142948e-14,4.30527581786054e-15,1.14807355142948e-14,253,FALSE
0.3,1,15,1,7.51994694922886,15,0.53773627545718,0.537736275457192,0.53773627545718,0.537736275457193,0.537736275457196,FALSE,2.86982685502646e-14,7.43264509215487e-15,2.86982685502646e-14,318,FALSE
0.7,1,15,1,7.54637985454564,15,0.537444454690422,0.537444454690422,0.537444454690422,0.537444454690422,0.537444454690416,FALSE,1.05352978827363e-14,1.05352978827363e-14,1.05352978827363e-14,319,FALSE
1,1,15,1,7.56608438061844,15,0.537229915158314,0.537229915158321,0.537229915158322,0.53722991515832,0.537229915158322,FALSE,1.50859582668162e-14,8.26627850236503e-16,0,319,FALSE
1.5,1,15,1,7.59870107958516,15,0.536880285966352,0.536880285966356,0.536880285966352,0.536880285966356,0.53688028596635,FALSE,4.75620547705845e-15,1.17871179214057e-14,4.75620547705845e-15,320,FALSE
3,1,15,1,7.69493345951487,15,0.535886923152175,0.535886923152179,0.535886923152175,0.53588692315218,0.535886923152189,FALSE,2.52753338722174e-14,1.82313883668454e-14,2.52753338722174e-14,323,FALSE
10,1,15,1,8.11606229914324,15,0.532114376138354,0.532114376138354,0.532114376138354,0.532114376138353,0.532114376138358,FALSE,8.55439094503917e-15,8.55439094503917e-15,8.55439094503917e-15,334,FALSE
0.3,1,18,1,9.01663591625449,18,0.531414200466547,0.531414200466547,0.531414200466547,0.531414200466548,0.531414200466524,FALSE,4.32461469595005e-14,4.32461469595005e-14,4.32461469595005e-14,401,FALSE
0.7,1,18,1,9.03872228716409,18,0.531245727607904,0.531245727607927,0.531245727607904,0.53124572760793,0.531245727607915,FALSE,2.13164535029154e-14,2.13164535029154e-14,2.13164535029154e-14,402,FALSE
1,1,18,1,9.05521678957215,18,0.531121105988086,0.531121105988086,0.531121105988084,0.531121105988087,0.531121105988084,FALSE,2.50840649059064e-15,2.50840649059064e-15,0,403,FALSE
1.5,1,18,1,9.08257569495584,18,0.530916619726451,0.530916619726451,0.530916619726451,0.530916619726453,0.530916619726445,FALSE,1.06648336390481e-14,1.06648336390481e-14,1.06648336390481e-14,403,FALSE
3,1,18,1,9.16368952654441,18,0.530326139500282,0.530326139500297,0.530326139500282,0.530326139500294,0.53032613950027,FALSE,2.34468885269711e-14,5.17087630907309e-14,2.34468885269711e-14,406,FALSE
10,1,18,1,9.52493781056044,18,0.527952886366809,0.527952886366817,0.527952886366809,0.527952886366817,0.527952886366813,FALSE,6.30864829018356e-15,7.78066622455973e-15,6.30864829018356e-15,416,FALSE
0.3,1,20,1,10.0149775672479,20,0.528260380008203,0.528260380008195,0.528260380008203,0.528260380008199,0.528260380008188,FALSE,2.81622266082997e-14,1.38709474339387e-14,2.81622266082997e-14,462,FALSE
0.7,1,20,1,10.0348783500696,20,0.528137682543306,0.528137682543321,0.528137682543306,0.528137682543325,0.528137682543296,FALSE,2.03908255267909e-14,4.89800242035287e-14,2.03908255267909e-14,463,FALSE
1,1,20,1,10.049752469181,20,0.528046681567266,0.528046681567274,0.52804668156727,0.528046681567273,0.528046681567271,FALSE,8.41003694090042e-15,5.67677493510778e-15,2.1025092352251e-16,463,FALSE
1.5,1,20,1,10.0744457825461,20,0.527896919735438,0.527896919735453,0.527896919735438,0.527896919735452,0.527896919735429,FALSE,1.55629822321063e-14,4.41652198478694e-14,1.55629822321063e-14,464,FALSE
3,1,20,1,10.1478150704935,20,0.527461379010131,0.527461379010138,0.527461379010131,0.527461379010135,0.527461379010139,FALSE,1.51548645936928e-14,8.41936921871822e-16,1.51548645936928e-14,466,FALSE
10,1,20,1,10.4772255750517,20,0.525664726318954,0.525664726318969,0.525664726318954,0.525664726318965,0.525664726318948,FALSE,1.03489782522757e-14,3.88614693554844e-14,1.03489782522757e-14,477,FALSE
0.3,1,22,1,11.0136195008361,22,0.525683018704107,0.525683018704055,0.525683018704107,0.525683018704064,0.525683018704083,FALSE,4.60407908866705e-14,5.34326609831543e-14,4.60407908866705e-14,527,FALSE
0.7,1,22,1,11.0317266743757,22,0.525590898263094,0.525590898263094,0.525590898263094,0.525590898263102,0.525590898263106,FALSE,2.30244302334861e-14,2.30244302334861e-14,2.30244302334861e-14,527,FALSE
1,1,22,1,11.0452682532047,22,0.525522442079052,0.525522442079029,0.525522442079028,0.52552244207903,0.525522442079028,FALSE,4.60548589344331e-14,3.38017313280243e-15,2.11260820800152e-16,528,FALSE
1.5,1,22,1,11.06776436283,22,0.525409535584998,0.52540953558499,0.525409535584998,0.525409535584986,0.525409535585015,FALSE,3.35976888426374e-14,4.77552055247551e-14,3.35976888426374e-14,528,FALSE
3,1,22,1,11.1347138347923,22,0.525079433155733,0.525079433155718,0.525079433155733,0.525079433155716,0.525079433155721,FALSE,2.156678425418e-14,6.97748902341119e-15,2.156678425418e-14,531,FALSE
10,1,22,1,11.437171043519,22,0.523690355227911,0.523690355227881,0.523690355227911,0.523690355227886,0.523690355227889,FALSE,4.30359795151913e-14,1.37799934408248e-14,4.30359795151913e-14,541,FALSE
0.3,1,25,1,12.5119885020655,25,0.522593356499439,0.522593356499439,0.522593356499439,0.52259335649945,0.522593356499495,FALSE,1.07709573128777e-13,1.07709573128777e-13,1.07709573128777e-13,631,FALSE
0.7,1,25,1,12.5279375594219,25,0.522530624379859,0.522530624379919,0.522530624379859,0.52253062437992,0.522530624379858,FALSE,2.76211549079177e-15,1.16433791457992e-13,2.76211549079177e-15,631,FALSE
1,1,25,1,12.5398728127046,25,0.52248390968177,0.522483909681815,0.522483909681813,0.522483909681808,0.522483909681813,FALSE,8.15959369381705e-14,3.61232012486692e-15,0,632,FALSE
1.5,1,25,1,12.559714732062,25,0.522406680305821,0.522406680305851,0.522406680305821,0.522406680305849,0.52240668030579,FALSE,6.0143395521858e-14,1.16886457727993e-13,6.0143395521858e-14,633,FALSE
3,1,25,1,12.6188696014285,25,0.522179587393689,0.522179587393719,0.522179587393689,0.52217958739372,0.522179587393769,FALSE,1.53294157810714e-13,9.65264183717947e-14,1.53294157810714e-13,635,FALSE
10,1,25,1,12.8879590236759,25,0.521202683311808,0.521202683311853,0.521202683311808,0.521202683311847,0.521202683311826,FALSE,3.38688703200302e-14,5.13358348875929e-14,3.38688703200302e-14,645,FALSE
0.3,1,50,1,25.0059985606908,50,0.511286966466364,0.511286966466538,0.511286966466364,0.51128696646655,0.51128696646621,FALSE,3.00959972198345e-13,6.41874226420136e-13,3.00959972198345e-13,1849,FALSE
0.7,1,50,1,25.0139921687685,50,0.511279138712376,0.51127913871226,0.511279138712376,0.511279138712277,0.511279138712432,FALSE,1.09875957754712e-13,3.37227988919107e-13,1.09875957754712e-13,1849,FALSE
1,1,50,1,25.0199840255489,50,0.511273278328415,0.511273278328473,0.511273278328466,0.511273278328462,0.511273278328467,FALSE,1.00756973865378e-13,1.30289190343161e-14,2.17148650571935e-16,1849,FALSE
1.5,1,50,1,25.0299640861417,50,0.511263530824784,0.511263530824784,0.511263530824784,0.511263530824806,0.511263530824781,FALSE,4.99451418433558e-15,4.99451418433558e-15,4.99451418433558e-15,1850,FALSE
3,1,50,1,25.0598566870805,50,0.511234435889198,0.511234435889256,0.511234435889198,0.511234435889286,0.511234435889424,FALSE,4.41062417693123e-13,3.27267879597999e-13,4.41062417693123e-13,1852,FALSE
10,1,50,1,25.1984250992003,50,0.511101514936928,0.511101514936928,0.511101514936928,0.511101514936971,0.511101514936799,FALSE,2.53497638311202e-13,2.53497638311202e-13,2.53497638311202e-13,1860,FALSE
0.3,1,100,1,50.0029998200216,100,0.505642291246266,0.505642291245806,0.505642291246266,0.505642291245722,0.505642291245746,FALSE,1.02889041986107e-12,1.1944438506283e-13,1.02889041986107e-12,6158,FALSE
0.7,1,100,1,50.0069990202743,100,0.505641313183025,0.505641313181645,0.505641313183025,0.505641313181702,0.505641313183486,FALSE,9.1230216895738e-13,3.64086511808695e-12,9.1230216895738e-13,6158,FALSE
1,1,100,1,50.0099980007996,100,0.505640579963579,0.505640579962659,0.505640579962647,0.505640579962585,0.505640579962647,FALSE,1.84261152918988e-12,2.34937361324258e-14,2.19567627405848e-16,6158,FALSE
1.5,1,100,1,50.014995502698,100,0.50563935854601,0.50563935854532,0.50563935854601,0.505639358545098,0.505639358548086,FALSE,4.1063636869884e-12,5.47054065133761e-12,4.1063636869884e-12,6159,FALSE
3,1,100,1,50.0299820215677,100,0.505635698949515,0.505635698948595,0.505635698949515,0.505635698948435,0.505635698948186,FALSE,2.62693245240512e-12,8.08016668743802e-13,2.62693245240512e-12,6161,FALSE
10,1,100,1,50.0998007960223,100,0.505618712345892,0.505618712344972,0.505618712345892,0.505618712344898,0.505618712343678,FALSE,4.37836784331236e-12,2.55939095193826e-12,4.37836784331236e-12,6168,FALSE
0.3,1,-100,3,0.00899946006478913,100,0.9022737050963,0.902273705096299,0.9022737050963,0.9022737050963,0.902273705096299,FALSE,8.61330783384255e-16,2.46094509538358e-16,8.61330783384255e-16,200,FALSE
0.7,1,-100,3,0.0209970608229106,100,0.931785866178375,0.931785867217527,0.931785866178375,0.931785866178373,0.931785866178312,FALSE,6.80346601157449e-14,1.11529420882771e-09,6.80346601157449e-14,200,FALSE
1,1,-100,3,0.029994002398805,100,0.950257687043597,0.950257687043603,0.950257687043639,0.950257687043603,0.950257687043603,FALSE,6.77636564336515e-15,1.16833890402847e-16,3.79710143809254e-14,201,FALSE
1.5,1,-100,3,0.0449865080939347,100,0.970756893226041,0.970756893226987,0.970756893226041,0.970756893226079,0.970756893226081,FALSE,4.10576601229045e-14,9.33346975663018e-13,4.10576601229045e-14,203,FALSE
3,1,-100,3,0.0899460647029642,100,0.9937991640069,0.993799164517628,0.9937991640069,0.993799164499244,0.993799164517628,FALSE,5.13913934035773e-10,2.23430057956235e-16,5.13913934035773e-10,208,FALSE
10,1,-100,3,0.299402388066795,100,NA,0.999993189607152,0.999993189607152,-71137.7637445746,0.999993189607149,TRUE,NA,2.55353034718268e-15,2.55353034718268e-15,229,FALSE
0.3,1,-50,3,0.0179956820723586,50,0.90233674240997,0.90233674240997,0.90233674240997,0.90233674240997,0.902336742409969,FALSE,7.38231952071438e-16,2.46077317357146e-16,7.38231952071438e-16,200,FALSE
0.7,1,-50,3,0.0419765063055788,50,0.931899540806805,0.931899541846395,0.931899540806805,0.931899540806806,0.931899540806739,FALSE,7.17195611284189e-14,1.11563184610087e-09,7.17195611284189e-14,200,FALSE
1,1,-50,3,0.059952076646745,50,0.95039132136497,0.950391321364968,0.950391321364977,0.950391321364968,0.950391321364967,FALSE,2.56998417311661e-15,3.50452387243174e-16,9.81266684280886e-15,201,FALSE
1.5,1,-50,3,0.089892258425003,50,0.970899229624605,0.970899229625498,0.970899229624605,0.970899229624571,0.970899229624592,FALSE,1.29215471549144e-14,9.33095794549574e-13,1.29215471549144e-14,203,FALSE
3,1,-50,3,0.179570061241412,50,0.993891725693493,0.993891725839424,0.993891725693493,0.993891725814376,0.993891725839423,FALSE,1.46827463336959e-10,8.93636999493064e-16,1.46827463336959e-10,208,FALSE
10,1,-50,3,0.595275297600883,50,NA,0.999994030626318,0.999994030626318,-15960.2631871212,0.999994030626318,TRUE,NA,1.11022965200082e-16,1.11022965200082e-16,228,FALSE
0.3,1,-25,3,0.0359655061963746,25,0.90258690927303,0.902586909273031,0.90258690927303,0.90258690927303,0.90258690927303,FALSE,3.69013669449082e-16,8.61031895381192e-16,3.69013669449082e-16,200,FALSE
0.7,1,-25,3,0.0838126782656508,25,0.932348334752695,0.932348335794003,0.932348334752695,0.932348334752696,0.932348334752616,FALSE,8.47836333340857e-14,1.11695089796623e-09,8.47836333340857e-14,200,FALSE
1,1,-25,3,0.119618438113687,25,0.950916583942779,0.950916583942777,0.950916583942777,0.950916583942777,0.950916583942777,FALSE,1.98479990120389e-15,2.3350587072987e-16,5.83764676824674e-16,201,FALSE
1.5,1,-25,3,0.179144196185944,25,0.971453969879494,0.971453969880378,0.971453969879494,0.971453969879467,0.97145396987947,FALSE,2.49140594276755e-14,9.34391513214106e-13,2.49140594276755e-14,203,FALSE
3,1,-25,3,0.356608804285495,25,0.994240515706544,0.994240515875206,0.994240515706544,0.994240515895528,0.994240515875205,FALSE,1.69637219794124e-10,1.33998525334428e-15,1.69637219794124e-10,208,FALSE
10,1,-25,3,1.16387707102763,25,NA,0.999996363132338,0.999996363132338,-2116.8359438705,0.999996363132339,TRUE,NA,1.55431788732368e-15,1.55431788732368e-15,228,FALSE
0.3,1,-22,3,0.0408585025082653,22,0.902683239642056,0.902683239642055,0.902683239642056,0.902683239642056,0.902683239642055,FALSE,3.68974289939868e-16,4.91965719919824e-16,3.68974289939868e-16,200,FALSE
0.7,1,-22,3,0.0951800231271989,22,0.932520166347951,0.93252016738992,0.932520166347951,0.932520166347953,0.932520166347871,FALSE,8.60776287495909e-14,1.1174550141794e-09,8.60776287495909e-14,200,FALSE
1,1,-22,3,0.135804759614127,22,0.951116714679609,0.9511167146796,0.9511167146796,0.9511167146796,0.9511167146796,FALSE,9.57172622604268e-15,2.33456737220553e-16,1.16728368610277e-16,201,FALSE
1.5,1,-22,3,0.203293088490065,22,0.971663368861047,0.971663368861946,0.971663368861047,0.97166336886105,0.971663368861038,FALSE,9.9406241130206e-15,9.35447007049421e-13,9.9406241130206e-15,203,FALSE
3,1,-22,3,0.404141504376966,22,0.99436738315758,0.994367383430066,0.99436738315758,0.994367383432583,0.994367383430065,FALSE,2.74028867140522e-10,7.81558335669472e-16,2.74028867140522e-10,208,FALSE
10,1,-22,3,1.31151313055688,22,NA,0.999996962599857,0.999996962599857,2902.08268721181,0.999996962599856,TRUE,NA,2.22045279365395e-16,2.22045279365395e-16,228,FALSE
0.3,1,-20,3,0.0449327017437993,20,0.902772492557077,0.902772492557077,0.902772492557077,0.902772492557077,0.902772492557077,FALSE,1.22979270389651e-16,2.45958540779301e-16,1.22979270389651e-16,200,FALSE
0.7,1,-20,3,0.104635050208925,20,0.932678890424558,0.932678891467137,0.932678890424558,0.932678890424559,0.932678890424476,FALSE,8.82056267911059e-14,1.11792025659728e-09,8.82056267911059e-14,200,FALSE
1,1,-20,3,0.149257407543116,20,0.951301101270127,0.951301101270135,0.951301101270135,0.951301101270133,0.951301101270135,FALSE,7.93599056846596e-15,1.16705743653911e-16,0,201,FALSE
1.5,1,-20,3,0.223337347638329,20,0.971855345725416,0.97185534572642,0.971855345725416,0.971855345725495,0.971855345725511,FALSE,9.77872800987349e-14,9.36061884496535e-13,9.77872800987349e-14,203,FALSE
3,1,-20,3,0.443445211480501,20,0.994481464863061,0.994481465004778,0.994481464863061,0.994481465036035,0.994481465004779,FALSE,1.4250483268734e-10,1.00474544506251e-15,1.4250483268734e-10,208,FALSE
10,1,-20,3,1.43167672515498,20,NA,0.999997417059038,0.999997417059038,-5511.98221336463,0.999997417059038,TRUE,NA,1.11022589227309e-16,1.11022589227309e-16,227,FALSE
0.3,1,-18,3,0.0499077487634567,18,0.902892492535629,0.902892492535629,0.902892492535629,0.902892492535629,0.902892492535629,FALSE,8.60740479805177e-16,0,8.60740479805177e-16,200,FALSE
0.7,1,-18,3,0.116166861492261,18,0.932891566859063,0.932891567902459,0.932891566859063,0.932891566859063,0.932891566858978,FALSE,9.08037115868845e-14,1.1185440400953e-09,9.08037115868845e-14,200,FALSE
1,1,-18,3,0.165650368716449,18,0.951547447371666,0.951547447371665,0.951547447371666,0.951547447371665,0.951547447371665,FALSE,9.3340423764829e-16,1.16675529706036e-16,7.00053178236217e-16,201,FALSE
1.5,1,-18,3,0.24772708486752,18,0.972110422589521,0.972110422590495,0.972110422589521,0.972110422589563,0.972110422589584,FALSE,6.42988232961119e-14,9.37072549102306e-13,6.42988232961119e-14,203,FALSE
3,1,-18,3,0.491068579633223,18,0.994629817316161,0.994629817213518,0.994629817316161,0.994629817214255,0.994629817213518,FALSE,1.03196746508973e-10,6.69730389383746e-16,1.03196746508973e-10,208,FALSE
10,1,-18,3,1.57481343168133,18,NA,0.999997908526547,0.999997908526547,-1332.7716472953,0.999997908526545,TRUE,NA,2.77556336658e-15,2.77556336658e-15,227,FALSE
0.3,1,-15,3,0.0598408476865853,15,0.903167655116727,0.903167655116726,0.903167655116727,0.903167655116727,0.903167655116726,FALSE,2.45850926643663e-16,9.83403706574651e-16,2.45850926643663e-16,200,FALSE
0.7,1,-15,3,0.139139563636929,15,0.933376123868859,0.93337612491412,0.933376123868859,0.933376123868858,0.93337612386877,FALSE,9.503866383454e-14,1.11996594611468e-09,9.503866383454e-14,200,FALSE
1,1,-15,3,0.19825314185531,15,0.952105678601175,0.952105678601181,0.952105678601181,0.95210567860118,0.952105678601181,FALSE,6.18017743488126e-15,0,1.16607121412854e-16,201,FALSE
1.5,1,-15,3,0.296103238755489,15,0.972682533947156,0.972682533948074,0.972682533947156,0.972682533947166,0.972682533947161,FALSE,4.5656130787909e-15,9.39146610307287e-13,4.5656130787909e-15,203,FALSE
3,1,-15,3,0.584800378544625,15,0.994949627617657,0.994949627817897,0.994949627617657,0.994949627811627,0.994949627817897,FALSE,2.01256578413385e-10,2.23171705096282e-16,2.01256578413385e-10,207,FALSE
10,1,-15,3,1.84818689742973,15,NA,0.999998675749214,0.999998675749214,860.654240918629,0.999998675749214,TRUE,NA,4.44089797936326e-16,4.44089797936326e-16,226,FALSE
0.3,1,-10,3,0.0894663844041106,10,0.904255716048001,0.904255716048,0.904255716048001,0.904255716048001,0.904255716048001,FALSE,4.91110204744881e-16,4.91110204744881e-16,4.91110204744881e-16,200,FALSE
0.7,1,-10,3,0.207139547199077,10,0.935251010299516,0.93525101135202,0.935251010299516,0.935251010299516,0.935251010299424,FALSE,9.79345635801574e-14,1.12546899042277e-09,9.79345635801574e-14,200,FALSE
1,1,-10,3,0.294228634059948,10,0.954226732229576,0.954226732229572,0.954226732229572,0.954226732229572,0.954226732229572,FALSE,3.72313367337709e-15,2.32695854586068e-16,2.32695854586068e-16,201,FALSE
1.5,1,-10,3,0.437253933193772,10,0.974783877808076,0.974783877809033,0.974783877808076,0.97478387780809,0.974783877808109,FALSE,3.32571281256216e-14,9.48169834403425e-13,3.32571281256216e-14,203,FALSE
3,1,-10,3,0.851646544245032,10,0.995985035161185,0.995985035184166,0.995985035161185,0.99598503518886,0.995985035184166,FALSE,2.30732557189168e-11,2.2293969997649e-16,2.30732557189168e-11,207,FALSE
10,1,-10,3,2.56230589874905,10,NA,0.999999710982622,0.999999710982622,3.09197339528013,0.999999710982621,TRUE,NA,1.110223345499e-15,1.110223345499e-15,224,FALSE
0.3,1,-5,3,0.17587569849072,5,0.909300337917268,0.909300337917268,0.909300337917268,0.909300337917268,0.909300337917268,FALSE,6.10482025756252e-16,1.2209640515125e-16,6.10482025756252e-16,200,FALSE
0.7,1,-5,3,0.3987950057818,5,0.943179812083052,0.943179813165446,0.943179812083052,0.943179812083052,0.943179812082988,FALSE,6.82721731353102e-14,1.14766853170726e-09,6.82721731353102e-14,200,FALSE
1,1,-5,3,0.558421984903521,5,0.962562962000898,0.962562962000898,0.962562962000899,0.962562962000897,0.962562962000899,FALSE,9.22722413766941e-16,4.6136120688347e-16,0,201,FALSE
1.5,1,-5,3,0.812071897723665,5,0.98203836775312,0.982038367754094,0.98203836775312,0.98203836775313,0.982038367753125,FALSE,5.99180462162203e-15,9.86499757137242e-13,5.99180462162203e-15,203,FALSE
3,1,-5,3,1.5,5,0.998314336576441,0.99831433657321,0.998314336576441,0.998314336574555,0.99831433657321,FALSE,3.23598173311155e-12,0,3.23598173311155e-12,206,FALSE
10,1,-5,3,3.9352130744697,5,NA,0.999999995760888,0.999999995760888,0.99999927924622,0.999999995760888,TRUE,NA,3.33066908799455e-16,3.33066908799455e-16,216,FALSE
0.3,1,-2,3,0.397366596101028,2,0.928025700679768,0.928025700679766,0.928025700679768,0.928025700679767,0.928025700679767,FALSE,3.58898365792649e-16,1.07669509737795e-15,3.58898365792649e-16,200,FALSE
0.7,1,-2,3,0.82379000772445,2,0.964765212695674,0.964765212695513,0.964765212695674,0.964765212695673,0.964765212695732,FALSE,6.08757418176036e-14,2.27277107920165e-13,6.08757418176036e-14,200,FALSE
1,1,-2,3,1.09807621135332,2,0.980890180073267,0.980890180073268,0.980890180073268,0.980890180073267,0.980890180073268,FALSE,4.52741009005607e-16,3.39555756754205e-16,1.13185252251402e-16,200,FALSE
1.5,1,-2,3,1.5,2,0.993437636461632,0.993437636462739,0.993437636461632,0.993437636461633,0.993437636461632,FALSE,3.35267051662996e-16,1.11431592404391e-12,3.35267051662996e-16,201,FALSE
3,1,-2,3,2.46862696659689,2,0.99977698727035,0.999776987270366,0.99977698727035,0.999776987270366,0.999776987270366,FALSE,1.65460130384471e-14,1.11047067372128e-16,1.65460130384471e-14,202,FALSE
10,1,-2,3,5.37386354243376,2,0.999999999993591,0.999999999991468,0.999999999993591,0.99999999999153,0.999999999991468,FALSE,2.12319051231126e-12,1.11022302463463e-16,2.12319051231126e-12,205,FALSE
0.3,1,-0.5,3,0.845911544707478,0.5,0.962163576051088,0.962163576051089,0.962163576051088,0.962163576051088,0.962163576051088,FALSE,1.1538817850305e-16,3.46164535509149e-16,1.1538817850305e-16,200,FALSE
0.7,1,-0.5,3,1.43900799336717,0.5,0.986846412626643,0.986846412626552,0.986846412626643,0.986846412626643,0.986846412626627,FALSE,1.63128057731062e-14,7.61639276440889e-14,1.63128057731062e-14,200,FALSE
1,1,-0.5,3,1.77921099245176,0.5,0.99432323613692,0.994323236136921,0.994323236136921,0.994323236136921,0.994323236136921,FALSE,3.3496844414655e-16,0,0,200,FALSE
1.5,1,-0.5,3,2.25,0.5,0.998621454723769,0.998621454725045,0.998621454723769,0.998621454723769,0.998621454723768,FALSE,1.11175563009735e-16,1.27818544792292e-12,1.11175563009735e-16,200,FALSE
3,1,-0.5,3,3.31832167567354,0.5,0.999980463289767,0.999980463289767,0.999980463289767,0.999980463289767,0.999980463289767,FALSE,0,2.22048943030889e-16,0,200,FALSE
10,1,-0.5,3,6.34367732518834,0.5,0.999999999999953,0.999999999999953,0.999999999999953,0.999999999999953,0.999999999999953,FALSE,2.22044604925042e-16,2.22044604925042e-16,2.22044604925042e-16,201,FALSE
0.3,1,0.5,3,1.59591154470748,0.5,0.990064295708189,0.990064295708189,0.990064295708189,0.990064295708188,0.990064295708188,FALSE,1.12136457141e-16,5.60682285705e-16,1.12136457141e-16,200,FALSE
0.7,1,0.5,3,2.18900799336717,0.5,0.997261903490398,0.997261903490613,0.997261903490398,0.997261903490398,0.997261903490398,FALSE,3.3398138064015e-16,2.16197280401057e-13,3.3398138064015e-16,200,FALSE
1,1,0.5,3,2.52921099245176,0.5,0.999007098044322,0.999007098044322,0.999007098044322,0.999007098044322,0.999007098044322,FALSE,2.22265292568702e-16,1.11132646284351e-16,0,200,FALSE
1.5,1,0.5,3,3,0.5,0.999814737586924,0.9998147375882,0.999814737586924,0.999814737586923,0.999814737586924,FALSE,0,1.27632679988698e-12,0,200,FALSE
3,1,0.5,3,4.06832167567354,0.5,0.999998621560078,0.999998621560078,0.999998621560078,0.999998621560078,0.999998621560077,FALSE,2.22044911000601e-16,2.22044911000601e-16,2.22044911000601e-16,200,FALSE
10,1,0.5,3,7.09367732518834,0.5,1,1,1,1,1,FALSE,4.44089209850063e-16,4.44089209850063e-16,4.44089209850063e-16,201,FALSE
0.3,1,2,3,3.39736659610103,2,0.999898251799659,0.99989825179966,0.999898251799659,0.999898251799659,0.999898251799659,FALSE,1.11033599931486e-16,3.33100799794458e-16,1.11033599931486e-16,200,FALSE
0.7,1,2,3,3.82379000772445,2,0.999978331020142,0.999978331169,0.999978331020142,0.999978331020143,0.999978331020143,FALSE,2.22049416509365e-16,1.48860263457254e-10,2.22049416509365e-16,200,FALSE
1,1,2,3,4.09807621135332,2,0.999993599021115,0.999993599021116,0.999993599021116,0.999993599021116,0.999993599021116,FALSE,7.77161091829348e-16,1.11023013118478e-16,0,201,FALSE
1.5,1,2,3,4.5,2,0.99999913765076,0.999999137651434,0.99999913765076,0.99999913765076,0.999999137650761,FALSE,1.11022398202596e-16,6.73572889895152e-13,1.11022398202596e-16,202,FALSE
3,1,2,3,5.46862696659689,2,0.99999999725557,0.99999999725557,0.99999999725557,0.99999999725557,0.99999999725557,FALSE,3.33066908301626e-16,3.33066908301626e-16,3.33066908301626e-16,203,FALSE
10,1,2,3,8.37386354243376,2,1,1,1,1,1,FALSE,0,0,0,205,FALSE
0.3,1,5,3,7.67587569849072,5,0.999999999999949,1,0.999999999999949,0.99999999999995,0.999999999999947,FALSE,1.99840144432539e-15,5.26245713672352e-14,1.99840144432539e-15,211,FALSE
0.7,1,5,3,7.8987950057818,5,0.999999999999992,0.999999999999994,0.999999999999992,0.999999999999994,0.999999999999992,FALSE,2.22044604925033e-16,1.55431223447523e-15,2.22044604925033e-16,211,FALSE
1,1,5,3,8.05842198490352,5,0.999999999999997,0.999999999999997,0.999999999999998,0.999999999999998,0.999999999999998,FALSE,7.77156117237611e-16,7.77156117237611e-16,0,211,FALSE
1.5,1,5,3,8.31207189772366,5,1,1,1,1,1,FALSE,2.22044604925031e-16,2.22044604925031e-16,2.22044604925031e-16,212,FALSE
3,1,5,3,9,5,1,1,1,1,1,FALSE,0,0,0,213,FALSE
10,1,5,3,11.4352130744697,5,1,1,1,1,1,FALSE,0,0,0,218,FALSE
0.3,1,10,3,15.0894663844041,10,1,0.999999999999989,1,0.99999999999999,1,FALSE,0,1.06581410364015e-14,0,280,FALSE
0.7,1,10,3,15.2071395471991,10,1,0.999999999999989,1,0.999999999999992,1,FALSE,0,1.06581410364015e-14,0,281,FALSE
1,1,10,3,15.2942286340599,10,1,1,1,1,1,FALSE,0,0,0,281,FALSE
1.5,1,10,3,15.4372539331938,10,1,0.999999999999989,1,0.999999999999989,1,FALSE,0,1.06581410364015e-14,0,282,FALSE
3,1,10,3,15.851646544245,10,1,0.999999999999982,1,0.999999999999985,1,FALSE,0,1.77635683940025e-14,0,283,FALSE
10,1,10,3,17.5623058987491,10,1,1,1,1,1,FALSE,0,0,0,289,FALSE
0.3,1,15,3,22.5598408476866,15,0.999999999999979,1,0.999999999999979,0.999999999999996,1,FALSE,2.1316282072803e-14,0,2.1316282072803e-14,426,FALSE
0.7,1,15,3,22.6391395636369,15,1,1,1,1.00000000000001,1,FALSE,0,0,0,426,FALSE
1,1,15,3,22.6982531418553,15,0.999999999999993,1,1,0.999999999999998,1,FALSE,7.105427357601e-15,0,0,427,FALSE
1.5,1,15,3,22.7961032387555,15,1,1,1,1.00000000000001,1,FALSE,0,0,0,427,FALSE
3,1,15,3,23.0848003785446,15,0.999999999999972,0.999999999999986,0.999999999999972,0.999999999999983,1,FALSE,2.8421709430404e-14,1.4210854715202e-14,2.8421709430404e-14,429,FALSE
10,1,15,3,24.3481868974297,15,0.999999999999986,0.999999999999986,0.999999999999986,0.99999999999999,1,FALSE,1.4210854715202e-14,1.4210854715202e-14,1.4210854715202e-14,435,FALSE
0.3,1,18,3,27.0499077487635,18,1,1,1,1.00000000000005,1,FALSE,0,0,0,524,FALSE
0.7,1,18,3,27.1161668614923,18,0.999999999999972,1,0.999999999999972,1.00000000000003,1,FALSE,2.8421709430404e-14,0,2.8421709430404e-14,525,FALSE
1,1,18,3,27.1656503687164,18,0.999999999999986,1,1,1,1,FALSE,1.4210854715202e-14,0,0,525,FALSE
1.5,1,18,3,27.2477270848675,18,1,1,1,1.00000000000001,1,FALSE,0,0,0,526,FALSE
3,1,18,3,27.4910685796332,18,1,1,1,1.00000000000005,1,FALSE,0,0,0,527,FALSE
10,1,18,3,28.5748134316813,18,0.999999999999986,1,0.999999999999986,1.00000000000001,1,FALSE,1.4210854715202e-14,0,1.4210854715202e-14,534,FALSE
0.3,1,20,3,30.0449327017438,20,1,1,1,1.00000000000002,1,FALSE,0,0,0,595,FALSE
0.7,1,20,3,30.1046350502089,20,0.999999999999986,1,0.999999999999986,1.00000000000006,1,FALSE,1.4210854715202e-14,0,1.4210854715202e-14,595,FALSE
1,1,20,3,30.1492574075431,20,0.999999999999986,1,1,1,1,FALSE,1.4210854715202e-14,0,0,596,FALSE
1.5,1,20,3,30.2233373476383,20,1,1,1,1.00000000000004,1,FALSE,0,0,0,596,FALSE
3,1,20,3,30.4434452114805,20,0.999999999999972,1,0.999999999999972,0.999999999999993,1,FALSE,2.8421709430404e-14,0,2.8421709430404e-14,598,FALSE
10,1,20,3,31.431676725155,20,1,1,1,1.00000000000003,1,FALSE,0,0,0,605,FALSE
0.3,1,22,3,33.0408585025083,22,1,0.999999999999957,1,0.999999999999963,1,FALSE,0,4.2632564145606e-14,0,670,FALSE
0.7,1,22,3,33.0951800231272,22,0.999999999999972,0.999999999999986,0.999999999999972,0.999999999999993,1,FALSE,2.8421709430404e-14,1.4210854715202e-14,2.8421709430404e-14,670,FALSE
1,1,22,3,33.1358047596141,22,1,1,1,1,1,FALSE,0,0,0,670,FALSE
1.5,1,22,3,33.2032930884901,22,0.999999999999972,0.999999999999943,0.999999999999972,0.999999999999946,1,FALSE,2.8421709430404e-14,5.6843418860808e-14,2.8421709430404e-14,671,FALSE
3,1,22,3,33.404141504377,22,1,1,1,0.99999999999999,1,FALSE,0,0,0,672,FALSE
10,1,22,3,34.3115131305569,22,1,1,1,0.999999999999995,1,FALSE,0,0,0,679,FALSE
0.3,1,25,3,37.5359655061964,25,0.999999999999886,0.999999999999915,0.999999999999886,0.999999999999913,1,FALSE,1.13686837721616e-13,8.5265128291212e-14,1.13686837721616e-13,789,FALSE
0.7,1,25,3,37.5838126782656,25,1,1,1,1.00000000000012,1,FALSE,0,0,0,789,FALSE
1,1,25,3,37.6196184381137,25,0.999999999999915,1,1,0.999999999999991,1,FALSE,8.5265128291212e-14,0,0,789,FALSE
1.5,1,25,3,37.6791441961859,25,1,1,1,1.00000000000012,1,FALSE,0,0,0,790,FALSE
3,1,25,3,37.8566088042855,25,0.999999999999858,0.999999999999915,0.999999999999858,0.999999999999908,1,FALSE,1.4210854715202e-13,8.5265128291212e-14,1.4210854715202e-13,791,FALSE
10,1,25,3,38.6638770710276,25,0.999999999999972,1,0.999999999999972,1.00000000000004,1,FALSE,2.8421709430404e-14,0,2.8421709430404e-14,798,FALSE
0.3,1,50,3,75.0179956820724,50,1,1,1,1.00000000000067,1,FALSE,0,0,0,2128,FALSE
0.7,1,50,3,75.0419765063056,50,0.999999999999886,0.999999999999659,0.999999999999886,0.999999999999698,1,FALSE,1.13686837721616e-13,3.41060513164848e-13,1.13686837721616e-13,2129,FALSE
1,1,50,3,75.0599520766467,50,0.999999999999886,1,1,0.999999999999991,1,FALSE,1.13686837721616e-13,0,0,2129,FALSE
1.5,1,50,3,75.089892258425,50,0.999999999999886,1,0.999999999999886,1.00000000000005,1,FALSE,1.13686837721616e-13,0,1.13686837721616e-13,2130,FALSE
3,1,50,3,75.1795700612414,50,0.999999999999659,0.999999999999659,0.999999999999659,0.999999999999729,1,FALSE,3.41060513164848e-13,3.41060513164848e-13,3.41060513164848e-13,2131,FALSE
10,1,50,3,75.5952752976009,50,1,1,1,1.00000000000034,1,FALSE,0,0,0,2138,FALSE
0.3,1,100,3,150.008999460065,100,1,1,1,0.999999999999951,1,FALSE,0,0,0,6679,FALSE
0.7,1,100,3,150.020997060823,100,0.99999999999909,0.999999999996817,0.99999999999909,0.999999999996467,1,FALSE,9.09494701772928e-13,3.18323145620525e-12,9.09494701772928e-13,6679,FALSE
1,1,100,3,150.029994002399,100,1,1,1,0.999999999999877,1,FALSE,0,0,0,6680,FALSE
1.5,1,100,3,150.044986508094,100,0.999999999995907,0.999999999994088,0.999999999995907,0.999999999994088,1,FALSE,4.09272615797818e-12,5.91171556152403e-12,4.09272615797818e-12,6680,FALSE
3,1,100,3,150.089946064703,100,1,1,1,1.00000000000049,1,FALSE,0,0,0,6682,FALSE
10,1,100,3,150.299402388067,100,1,1,1,1.00000000000241,1,FALSE,0,0,0,6689,FALSE
